"origin_date","location","target","horizon","target_end_date","output_type","output_type_id","value"
2017-02-25,"US National","ili perc",1,2017-03-04,"quantile",0.01,3.2881919682028493
2017-02-25,"US National","ili perc",1,2017-03-04,"quantile",0.025,3.4404528538260744
2017-02-25,"US National","ili perc",1,2017-03-04,"quantile",0.05,3.5995379363783595
2017-02-25,"US National","ili perc",1,2017-03-04,"quantile",0.1,3.724796542238019
2017-02-25,"US National","ili perc",1,2017-03-04,"quantile",0.15,3.815857407222237
2017-02-25,"US National","ili perc",1,2017-03-04,"quantile",0.2,3.8803662519557967
2017-02-25,"US National","ili perc",1,2017-03-04,"quantile",0.25,3.945389557024767
2017-02-25,"US National","ili perc",1,2017-03-04,"quantile",0.3,4.0003179272050104
2017-02-25,"US National","ili perc",1,2017-03-04,"quantile",0.35,4.0562115858318615
2017-02-25,"US National","ili perc",1,2017-03-04,"quantile",0.4,4.104795228946494
2017-02-25,"US National","ili perc",1,2017-03-04,"quantile",0.45,4.162184613316325
2017-02-25,"US National","ili perc",1,2017-03-04,"quantile",0.5,4.216547184658339
2017-02-25,"US National","ili perc",1,2017-03-04,"quantile",0.55,4.2634811628428615
2017-02-25,"US National","ili perc",1,2017-03-04,"quantile",0.6,4.310365144478137
2017-02-25,"US National","ili perc",1,2017-03-04,"quantile",0.65,4.363739654478361
2017-02-25,"US National","ili perc",1,2017-03-04,"quantile",0.7,4.413334295645488
2017-02-25,"US National","ili perc",1,2017-03-04,"quantile",0.75,4.476193063822262
2017-02-25,"US National","ili perc",1,2017-03-04,"quantile",0.8,4.551518879846232
2017-02-25,"US National","ili perc",1,2017-03-04,"quantile",0.85,4.6656685668990745
2017-02-25,"US National","ili perc",1,2017-03-04,"quantile",0.9,4.785149792753231
2017-02-25,"US National","ili perc",1,2017-03-04,"quantile",0.95,4.9806190151976795
2017-02-25,"US National","ili perc",1,2017-03-04,"quantile",0.975,5.208499809028361
2017-02-25,"US National","ili perc",1,2017-03-04,"quantile",0.99,5.528043061610615
2017-02-25,"US National","ili perc",2,2017-03-11,"quantile",0.01,2.917097080189338
2017-02-25,"US National","ili perc",2,2017-03-11,"quantile",0.025,3.0184809757884357
2017-02-25,"US National","ili perc",2,2017-03-11,"quantile",0.05,3.120420130425407
2017-02-25,"US National","ili perc",2,2017-03-11,"quantile",0.1,3.2923655702523913
2017-02-25,"US National","ili perc",2,2017-03-11,"quantile",0.15,3.3938727792352905
2017-02-25,"US National","ili perc",2,2017-03-11,"quantile",0.2,3.472190533028737
2017-02-25,"US National","ili perc",2,2017-03-11,"quantile",0.25,3.5330226738497177
2017-02-25,"US National","ili perc",2,2017-03-11,"quantile",0.3,3.5919752271373855
2017-02-25,"US National","ili perc",2,2017-03-11,"quantile",0.35,3.657454881738207
2017-02-25,"US National","ili perc",2,2017-03-11,"quantile",0.4,3.7115643105562515
2017-02-25,"US National","ili perc",2,2017-03-11,"quantile",0.45,3.77829167291568
2017-02-25,"US National","ili perc",2,2017-03-11,"quantile",0.5,3.83453953061271
2017-02-25,"US National","ili perc",2,2017-03-11,"quantile",0.55,3.8886453024447056
2017-02-25,"US National","ili perc",2,2017-03-11,"quantile",0.6,3.9334478391908934
2017-02-25,"US National","ili perc",2,2017-03-11,"quantile",0.65,3.9882923189014985
2017-02-25,"US National","ili perc",2,2017-03-11,"quantile",0.7,4.056867194822884
2017-02-25,"US National","ili perc",2,2017-03-11,"quantile",0.75,4.129712576628923
2017-02-25,"US National","ili perc",2,2017-03-11,"quantile",0.8,4.224493061229471
2017-02-25,"US National","ili perc",2,2017-03-11,"quantile",0.85,4.316902831721825
2017-02-25,"US National","ili perc",2,2017-03-11,"quantile",0.9,4.407572193889768
2017-02-25,"US National","ili perc",2,2017-03-11,"quantile",0.95,4.606243384538213
2017-02-25,"US National","ili perc",2,2017-03-11,"quantile",0.975,4.767546545699051
2017-02-25,"US National","ili perc",2,2017-03-11,"quantile",0.99,5.022526149985822
2017-02-25,"US National","ili perc",3,2017-03-18,"quantile",0.01,2.5040153076192775
2017-02-25,"US National","ili perc",3,2017-03-18,"quantile",0.025,2.616925884853578
2017-02-25,"US National","ili perc",3,2017-03-18,"quantile",0.05,2.7274404057345967
2017-02-25,"US National","ili perc",3,2017-03-18,"quantile",0.1,2.8642086358013428
2017-02-25,"US National","ili perc",3,2017-03-18,"quantile",0.15,2.958301091400944
2017-02-25,"US National","ili perc",3,2017-03-18,"quantile",0.2,3.038931411553898
2017-02-25,"US National","ili perc",3,2017-03-18,"quantile",0.25,3.1013526378879384
2017-02-25,"US National","ili perc",3,2017-03-18,"quantile",0.3,3.1591557988035213
2017-02-25,"US National","ili perc",3,2017-03-18,"quantile",0.35,3.210312949630427
2017-02-25,"US National","ili perc",3,2017-03-18,"quantile",0.4,3.2755596382608125
2017-02-25,"US National","ili perc",3,2017-03-18,"quantile",0.45,3.32416604639301
2017-02-25,"US National","ili perc",3,2017-03-18,"quantile",0.5,3.371125052571029
2017-02-25,"US National","ili perc",3,2017-03-18,"quantile",0.55,3.418343014328795
2017-02-25,"US National","ili perc",3,2017-03-18,"quantile",0.6,3.485182795826597
2017-02-25,"US National","ili perc",3,2017-03-18,"quantile",0.65,3.554535507514769
2017-02-25,"US National","ili perc",3,2017-03-18,"quantile",0.7,3.62630598580003
2017-02-25,"US National","ili perc",3,2017-03-18,"quantile",0.75,3.714750410983263
2017-02-25,"US National","ili perc",3,2017-03-18,"quantile",0.8,3.789379693060701
2017-02-25,"US National","ili perc",3,2017-03-18,"quantile",0.85,3.9049704975444084
2017-02-25,"US National","ili perc",3,2017-03-18,"quantile",0.9,4.026496196438169
2017-02-25,"US National","ili perc",3,2017-03-18,"quantile",0.95,4.198702801139092
2017-02-25,"US National","ili perc",3,2017-03-18,"quantile",0.975,4.414736718759332
2017-02-25,"US National","ili perc",3,2017-03-18,"quantile",0.99,4.617759642837844
2017-02-25,"US National","ili perc",4,2017-03-25,"quantile",0.01,2.018432030293211
2017-02-25,"US National","ili perc",4,2017-03-25,"quantile",0.025,2.158753962542984
2017-02-25,"US National","ili perc",4,2017-03-25,"quantile",0.05,2.2332250738199013
2017-02-25,"US National","ili perc",4,2017-03-25,"quantile",0.1,2.382831067774559
2017-02-25,"US National","ili perc",4,2017-03-25,"quantile",0.15,2.4828347633717454
2017-02-25,"US National","ili perc",4,2017-03-25,"quantile",0.2,2.548464387377839
2017-02-25,"US National","ili perc",4,2017-03-25,"quantile",0.25,2.610530717694538
2017-02-25,"US National","ili perc",4,2017-03-25,"quantile",0.3,2.6748150587994703
2017-02-25,"US National","ili perc",4,2017-03-25,"quantile",0.35,2.7238082728137663
2017-02-25,"US National","ili perc",4,2017-03-25,"quantile",0.4,2.782481021981235
2017-02-25,"US National","ili perc",4,2017-03-25,"quantile",0.45,2.8294571204676853
2017-02-25,"US National","ili perc",4,2017-03-25,"quantile",0.5,2.8962892132372198
2017-02-25,"US National","ili perc",4,2017-03-25,"quantile",0.55,2.9470767753561526
2017-02-25,"US National","ili perc",4,2017-03-25,"quantile",0.6,3.005877707368806
2017-02-25,"US National","ili perc",4,2017-03-25,"quantile",0.65,3.0735419735980516
2017-02-25,"US National","ili perc",4,2017-03-25,"quantile",0.7,3.128885434347953
2017-02-25,"US National","ili perc",4,2017-03-25,"quantile",0.75,3.1855328157763108
2017-02-25,"US National","ili perc",4,2017-03-25,"quantile",0.8,3.263592972005111
2017-02-25,"US National","ili perc",4,2017-03-25,"quantile",0.85,3.35447460886472
2017-02-25,"US National","ili perc",4,2017-03-25,"quantile",0.9,3.483888026091209
2017-02-25,"US National","ili perc",4,2017-03-25,"quantile",0.95,3.6810328244330286
2017-02-25,"US National","ili perc",4,2017-03-25,"quantile",0.975,3.8984540296967225
2017-02-25,"US National","ili perc",4,2017-03-25,"quantile",0.99,4.068836089004405
2017-02-25,"HHS Region 1","ili perc",1,2017-03-04,"quantile",0.01,1.7394423167488184
2017-02-25,"HHS Region 1","ili perc",1,2017-03-04,"quantile",0.025,1.9073356315801944
2017-02-25,"HHS Region 1","ili perc",1,2017-03-04,"quantile",0.05,2.055627390968215
2017-02-25,"HHS Region 1","ili perc",1,2017-03-04,"quantile",0.1,2.20572331298535
2017-02-25,"HHS Region 1","ili perc",1,2017-03-04,"quantile",0.15,2.3210693693134927
2017-02-25,"HHS Region 1","ili perc",1,2017-03-04,"quantile",0.2,2.4043328033820157
2017-02-25,"HHS Region 1","ili perc",1,2017-03-04,"quantile",0.25,2.4738878019496204
2017-02-25,"HHS Region 1","ili perc",1,2017-03-04,"quantile",0.3,2.5322137140888517
2017-02-25,"HHS Region 1","ili perc",1,2017-03-04,"quantile",0.35,2.5866593172153514
2017-02-25,"HHS Region 1","ili perc",1,2017-03-04,"quantile",0.4,2.6417720783234784
2017-02-25,"HHS Region 1","ili perc",1,2017-03-04,"quantile",0.45,2.719588567122459
2017-02-25,"HHS Region 1","ili perc",1,2017-03-04,"quantile",0.5,2.7918772794034554
2017-02-25,"HHS Region 1","ili perc",1,2017-03-04,"quantile",0.55,2.8416778647365923
2017-02-25,"HHS Region 1","ili perc",1,2017-03-04,"quantile",0.6,2.9306152266915135
2017-02-25,"HHS Region 1","ili perc",1,2017-03-04,"quantile",0.65,2.989091938668415
2017-02-25,"HHS Region 1","ili perc",1,2017-03-04,"quantile",0.7,3.0698934956898274
2017-02-25,"HHS Region 1","ili perc",1,2017-03-04,"quantile",0.75,3.158199661248568
2017-02-25,"HHS Region 1","ili perc",1,2017-03-04,"quantile",0.8,3.2635441402111156
2017-02-25,"HHS Region 1","ili perc",1,2017-03-04,"quantile",0.85,3.403571288534334
2017-02-25,"HHS Region 1","ili perc",1,2017-03-04,"quantile",0.9,3.564648027791906
2017-02-25,"HHS Region 1","ili perc",1,2017-03-04,"quantile",0.95,3.831915483630786
2017-02-25,"HHS Region 1","ili perc",1,2017-03-04,"quantile",0.975,4.173025592510561
2017-02-25,"HHS Region 1","ili perc",1,2017-03-04,"quantile",0.99,4.431269693282499
2017-02-25,"HHS Region 1","ili perc",2,2017-03-11,"quantile",0.01,1.4975883453531178
2017-02-25,"HHS Region 1","ili perc",2,2017-03-11,"quantile",0.025,1.5670562502800023
2017-02-25,"HHS Region 1","ili perc",2,2017-03-11,"quantile",0.05,1.7497263770819644
2017-02-25,"HHS Region 1","ili perc",2,2017-03-11,"quantile",0.1,1.8954353076031563
2017-02-25,"HHS Region 1","ili perc",2,2017-03-11,"quantile",0.15,1.994336055062373
2017-02-25,"HHS Region 1","ili perc",2,2017-03-11,"quantile",0.2,2.099716311227804
2017-02-25,"HHS Region 1","ili perc",2,2017-03-11,"quantile",0.25,2.1764289063299063
2017-02-25,"HHS Region 1","ili perc",2,2017-03-11,"quantile",0.3,2.2502896232058145
2017-02-25,"HHS Region 1","ili perc",2,2017-03-11,"quantile",0.35,2.308397631226628
2017-02-25,"HHS Region 1","ili perc",2,2017-03-11,"quantile",0.4,2.385809752619204
2017-02-25,"HHS Region 1","ili perc",2,2017-03-11,"quantile",0.45,2.4651077578414475
2017-02-25,"HHS Region 1","ili perc",2,2017-03-11,"quantile",0.5,2.5238728477443177
2017-02-25,"HHS Region 1","ili perc",2,2017-03-11,"quantile",0.55,2.578749025569155
2017-02-25,"HHS Region 1","ili perc",2,2017-03-11,"quantile",0.6,2.647556346817654
2017-02-25,"HHS Region 1","ili perc",2,2017-03-11,"quantile",0.65,2.7472320300313666
2017-02-25,"HHS Region 1","ili perc",2,2017-03-11,"quantile",0.7,2.844856635253806
2017-02-25,"HHS Region 1","ili perc",2,2017-03-11,"quantile",0.75,2.9419622100689633
2017-02-25,"HHS Region 1","ili perc",2,2017-03-11,"quantile",0.8,3.0330089084343195
2017-02-25,"HHS Region 1","ili perc",2,2017-03-11,"quantile",0.85,3.188023967705152
2017-02-25,"HHS Region 1","ili perc",2,2017-03-11,"quantile",0.9,3.393061332515196
2017-02-25,"HHS Region 1","ili perc",2,2017-03-11,"quantile",0.95,3.7337547263719024
2017-02-25,"HHS Region 1","ili perc",2,2017-03-11,"quantile",0.975,4.155445574742022
2017-02-25,"HHS Region 1","ili perc",2,2017-03-11,"quantile",0.99,4.971576750609668
2017-02-25,"HHS Region 1","ili perc",3,2017-03-18,"quantile",0.01,1.2068008318502188
2017-02-25,"HHS Region 1","ili perc",3,2017-03-18,"quantile",0.025,1.3162207034249578
2017-02-25,"HHS Region 1","ili perc",3,2017-03-18,"quantile",0.05,1.461265771921601
2017-02-25,"HHS Region 1","ili perc",3,2017-03-18,"quantile",0.1,1.6064642429003166
2017-02-25,"HHS Region 1","ili perc",3,2017-03-18,"quantile",0.15,1.7097401258703981
2017-02-25,"HHS Region 1","ili perc",3,2017-03-18,"quantile",0.2,1.7796388634666136
2017-02-25,"HHS Region 1","ili perc",3,2017-03-18,"quantile",0.25,1.883418424566556
2017-02-25,"HHS Region 1","ili perc",3,2017-03-18,"quantile",0.3,1.971162670659581
2017-02-25,"HHS Region 1","ili perc",3,2017-03-18,"quantile",0.35,2.05128079654018
2017-02-25,"HHS Region 1","ili perc",3,2017-03-18,"quantile",0.4,2.1035545166794214
2017-02-25,"HHS Region 1","ili perc",3,2017-03-18,"quantile",0.45,2.174653391607348
2017-02-25,"HHS Region 1","ili perc",3,2017-03-18,"quantile",0.5,2.2387010644481933
2017-02-25,"HHS Region 1","ili perc",3,2017-03-18,"quantile",0.55,2.294473428699154
2017-02-25,"HHS Region 1","ili perc",3,2017-03-18,"quantile",0.6,2.3752211860196097
2017-02-25,"HHS Region 1","ili perc",3,2017-03-18,"quantile",0.65,2.469368619400257
2017-02-25,"HHS Region 1","ili perc",3,2017-03-18,"quantile",0.7,2.581230827399983
2017-02-25,"HHS Region 1","ili perc",3,2017-03-18,"quantile",0.75,2.664740361318031
2017-02-25,"HHS Region 1","ili perc",3,2017-03-18,"quantile",0.8,2.774848931782698
2017-02-25,"HHS Region 1","ili perc",3,2017-03-18,"quantile",0.85,2.92056659759034
2017-02-25,"HHS Region 1","ili perc",3,2017-03-18,"quantile",0.9,3.164265102324742
2017-02-25,"HHS Region 1","ili perc",3,2017-03-18,"quantile",0.95,3.521745605664598
2017-02-25,"HHS Region 1","ili perc",3,2017-03-18,"quantile",0.975,4.097246864991728
2017-02-25,"HHS Region 1","ili perc",3,2017-03-18,"quantile",0.99,4.405753163138175
2017-02-25,"HHS Region 1","ili perc",4,2017-03-25,"quantile",0.01,0.9331650818726772
2017-02-25,"HHS Region 1","ili perc",4,2017-03-25,"quantile",0.025,1.0389927109424304
2017-02-25,"HHS Region 1","ili perc",4,2017-03-25,"quantile",0.05,1.1324971800304269
2017-02-25,"HHS Region 1","ili perc",4,2017-03-25,"quantile",0.1,1.272647786145274
2017-02-25,"HHS Region 1","ili perc",4,2017-03-25,"quantile",0.15,1.3653777959801037
2017-02-25,"HHS Region 1","ili perc",4,2017-03-25,"quantile",0.2,1.4474022409412413
2017-02-25,"HHS Region 1","ili perc",4,2017-03-25,"quantile",0.25,1.5331754825240678
2017-02-25,"HHS Region 1","ili perc",4,2017-03-25,"quantile",0.3,1.59358427240368
2017-02-25,"HHS Region 1","ili perc",4,2017-03-25,"quantile",0.35,1.6510359200396956
2017-02-25,"HHS Region 1","ili perc",4,2017-03-25,"quantile",0.4,1.7151266877747546
2017-02-25,"HHS Region 1","ili perc",4,2017-03-25,"quantile",0.45,1.7791005755710272
2017-02-25,"HHS Region 1","ili perc",4,2017-03-25,"quantile",0.5,1.829149553269707
2017-02-25,"HHS Region 1","ili perc",4,2017-03-25,"quantile",0.55,1.8873572062309412
2017-02-25,"HHS Region 1","ili perc",4,2017-03-25,"quantile",0.6,1.9623342177247756
2017-02-25,"HHS Region 1","ili perc",4,2017-03-25,"quantile",0.65,2.041319474637723
2017-02-25,"HHS Region 1","ili perc",4,2017-03-25,"quantile",0.7,2.125099342898975
2017-02-25,"HHS Region 1","ili perc",4,2017-03-25,"quantile",0.75,2.2121254995912936
2017-02-25,"HHS Region 1","ili perc",4,2017-03-25,"quantile",0.8,2.3259471599518027
2017-02-25,"HHS Region 1","ili perc",4,2017-03-25,"quantile",0.85,2.47896050349744
2017-02-25,"HHS Region 1","ili perc",4,2017-03-25,"quantile",0.9,2.6546553903817522
2017-02-25,"HHS Region 1","ili perc",4,2017-03-25,"quantile",0.95,3.042035285766207
2017-02-25,"HHS Region 1","ili perc",4,2017-03-25,"quantile",0.975,3.27135343439619
2017-02-25,"HHS Region 1","ili perc",4,2017-03-25,"quantile",0.99,3.5564189889551368
2017-02-25,"HHS Region 2","ili perc",1,2017-03-04,"quantile",0.01,2.2647187929906183
2017-02-25,"HHS Region 2","ili perc",1,2017-03-04,"quantile",0.025,2.680562267378413
2017-02-25,"HHS Region 2","ili perc",1,2017-03-04,"quantile",0.05,2.8814167322484354
2017-02-25,"HHS Region 2","ili perc",1,2017-03-04,"quantile",0.1,3.141510354575959
2017-02-25,"HHS Region 2","ili perc",1,2017-03-04,"quantile",0.15,3.349026127494984
2017-02-25,"HHS Region 2","ili perc",1,2017-03-04,"quantile",0.2,3.491005358981797
2017-02-25,"HHS Region 2","ili perc",1,2017-03-04,"quantile",0.25,3.5975673267820265
2017-02-25,"HHS Region 2","ili perc",1,2017-03-04,"quantile",0.3,3.7191922223907192
2017-02-25,"HHS Region 2","ili perc",1,2017-03-04,"quantile",0.35,3.827176992713011
2017-02-25,"HHS Region 2","ili perc",1,2017-03-04,"quantile",0.4,3.9224785161169713
2017-02-25,"HHS Region 2","ili perc",1,2017-03-04,"quantile",0.45,4.033685202087228
2017-02-25,"HHS Region 2","ili perc",1,2017-03-04,"quantile",0.5,4.128605367875779
2017-02-25,"HHS Region 2","ili perc",1,2017-03-04,"quantile",0.55,4.234437724461332
2017-02-25,"HHS Region 2","ili perc",1,2017-03-04,"quantile",0.6,4.330900720132346
2017-02-25,"HHS Region 2","ili perc",1,2017-03-04,"quantile",0.65,4.451743484260542
2017-02-25,"HHS Region 2","ili perc",1,2017-03-04,"quantile",0.7,4.57553767302505
2017-02-25,"HHS Region 2","ili perc",1,2017-03-04,"quantile",0.75,4.67618574740885
2017-02-25,"HHS Region 2","ili perc",1,2017-03-04,"quantile",0.8,4.8340873576444245
2017-02-25,"HHS Region 2","ili perc",1,2017-03-04,"quantile",0.85,5.048067384068525
2017-02-25,"HHS Region 2","ili perc",1,2017-03-04,"quantile",0.9,5.353047255703411
2017-02-25,"HHS Region 2","ili perc",1,2017-03-04,"quantile",0.95,5.692572566294377
2017-02-25,"HHS Region 2","ili perc",1,2017-03-04,"quantile",0.975,6.064746192562504
2017-02-25,"HHS Region 2","ili perc",1,2017-03-04,"quantile",0.99,6.443645258248551
2017-02-25,"HHS Region 2","ili perc",2,2017-03-11,"quantile",0.01,2.0701711968458016
2017-02-25,"HHS Region 2","ili perc",2,2017-03-11,"quantile",0.025,2.2014585101441138
2017-02-25,"HHS Region 2","ili perc",2,2017-03-11,"quantile",0.05,2.4563262406764927
2017-02-25,"HHS Region 2","ili perc",2,2017-03-11,"quantile",0.1,2.692543654149602
2017-02-25,"HHS Region 2","ili perc",2,2017-03-11,"quantile",0.15,2.9061718045860485
2017-02-25,"HHS Region 2","ili perc",2,2017-03-11,"quantile",0.2,3.0098486047209585
2017-02-25,"HHS Region 2","ili perc",2,2017-03-11,"quantile",0.25,3.145885942409437
2017-02-25,"HHS Region 2","ili perc",2,2017-03-11,"quantile",0.3,3.2580115634037496
2017-02-25,"HHS Region 2","ili perc",2,2017-03-11,"quantile",0.35,3.3686718294282336
2017-02-25,"HHS Region 2","ili perc",2,2017-03-11,"quantile",0.4,3.497814649225881
2017-02-25,"HHS Region 2","ili perc",2,2017-03-11,"quantile",0.45,3.590519752063722
2017-02-25,"HHS Region 2","ili perc",2,2017-03-11,"quantile",0.5,3.6921073796021138
2017-02-25,"HHS Region 2","ili perc",2,2017-03-11,"quantile",0.55,3.8080596608790684
2017-02-25,"HHS Region 2","ili perc",2,2017-03-11,"quantile",0.6,3.9474770122565124
2017-02-25,"HHS Region 2","ili perc",2,2017-03-11,"quantile",0.65,4.064215855887031
2017-02-25,"HHS Region 2","ili perc",2,2017-03-11,"quantile",0.7,4.23128181864335
2017-02-25,"HHS Region 2","ili perc",2,2017-03-11,"quantile",0.75,4.4133661600742675
2017-02-25,"HHS Region 2","ili perc",2,2017-03-11,"quantile",0.8,4.600306574694482
2017-02-25,"HHS Region 2","ili perc",2,2017-03-11,"quantile",0.85,4.78135053592563
2017-02-25,"HHS Region 2","ili perc",2,2017-03-11,"quantile",0.9,5.048344220987303
2017-02-25,"HHS Region 2","ili perc",2,2017-03-11,"quantile",0.95,5.501063268676081
2017-02-25,"HHS Region 2","ili perc",2,2017-03-11,"quantile",0.975,6.0187692501375185
2017-02-25,"HHS Region 2","ili perc",2,2017-03-11,"quantile",0.99,6.898004267186822
2017-02-25,"HHS Region 2","ili perc",3,2017-03-18,"quantile",0.01,1.6175850775994889
2017-02-25,"HHS Region 2","ili perc",3,2017-03-18,"quantile",0.025,1.9459439571860233
2017-02-25,"HHS Region 2","ili perc",3,2017-03-18,"quantile",0.05,2.083949889139065
2017-02-25,"HHS Region 2","ili perc",3,2017-03-18,"quantile",0.1,2.3075441738475386
2017-02-25,"HHS Region 2","ili perc",3,2017-03-18,"quantile",0.15,2.4530233932667382
2017-02-25,"HHS Region 2","ili perc",3,2017-03-18,"quantile",0.2,2.5954904146369797
2017-02-25,"HHS Region 2","ili perc",3,2017-03-18,"quantile",0.25,2.715177472840373
2017-02-25,"HHS Region 2","ili perc",3,2017-03-18,"quantile",0.3,2.8284743069901026
2017-02-25,"HHS Region 2","ili perc",3,2017-03-18,"quantile",0.35,2.9225172650507356
2017-02-25,"HHS Region 2","ili perc",3,2017-03-18,"quantile",0.4,3.0025765401094127
2017-02-25,"HHS Region 2","ili perc",3,2017-03-18,"quantile",0.45,3.1113737943074304
2017-02-25,"HHS Region 2","ili perc",3,2017-03-18,"quantile",0.5,3.220296451593476
2017-02-25,"HHS Region 2","ili perc",3,2017-03-18,"quantile",0.55,3.3370308939541427
2017-02-25,"HHS Region 2","ili perc",3,2017-03-18,"quantile",0.6,3.4570726363432955
2017-02-25,"HHS Region 2","ili perc",3,2017-03-18,"quantile",0.65,3.614372236851906
2017-02-25,"HHS Region 2","ili perc",3,2017-03-18,"quantile",0.7,3.7756596179876825
2017-02-25,"HHS Region 2","ili perc",3,2017-03-18,"quantile",0.75,3.9487749586876095
2017-02-25,"HHS Region 2","ili perc",3,2017-03-18,"quantile",0.8,4.1151357709434
2017-02-25,"HHS Region 2","ili perc",3,2017-03-18,"quantile",0.85,4.325927224693511
2017-02-25,"HHS Region 2","ili perc",3,2017-03-18,"quantile",0.9,4.660883877310385
2017-02-25,"HHS Region 2","ili perc",3,2017-03-18,"quantile",0.95,5.19381383369946
2017-02-25,"HHS Region 2","ili perc",3,2017-03-18,"quantile",0.975,5.644094759824617
2017-02-25,"HHS Region 2","ili perc",3,2017-03-18,"quantile",0.99,6.238201257233381
2017-02-25,"HHS Region 2","ili perc",4,2017-03-25,"quantile",0.01,1.278121460630002
2017-02-25,"HHS Region 2","ili perc",4,2017-03-25,"quantile",0.025,1.4611487193582573
2017-02-25,"HHS Region 2","ili perc",4,2017-03-25,"quantile",0.05,1.5887297467783184
2017-02-25,"HHS Region 2","ili perc",4,2017-03-25,"quantile",0.1,1.8359777140935671
2017-02-25,"HHS Region 2","ili perc",4,2017-03-25,"quantile",0.15,1.9959239159312012
2017-02-25,"HHS Region 2","ili perc",4,2017-03-25,"quantile",0.2,2.108560190933829
2017-02-25,"HHS Region 2","ili perc",4,2017-03-25,"quantile",0.25,2.192651005698266
2017-02-25,"HHS Region 2","ili perc",4,2017-03-25,"quantile",0.3,2.3113916787755366
2017-02-25,"HHS Region 2","ili perc",4,2017-03-25,"quantile",0.35,2.4093467823314527
2017-02-25,"HHS Region 2","ili perc",4,2017-03-25,"quantile",0.4,2.5399390814575997
2017-02-25,"HHS Region 2","ili perc",4,2017-03-25,"quantile",0.45,2.6471765343728166
2017-02-25,"HHS Region 2","ili perc",4,2017-03-25,"quantile",0.5,2.7506158349813936
2017-02-25,"HHS Region 2","ili perc",4,2017-03-25,"quantile",0.55,2.8567407235662188
2017-02-25,"HHS Region 2","ili perc",4,2017-03-25,"quantile",0.6,2.972588387430815
2017-02-25,"HHS Region 2","ili perc",4,2017-03-25,"quantile",0.65,3.070776082884023
2017-02-25,"HHS Region 2","ili perc",4,2017-03-25,"quantile",0.7,3.1829759216341005
2017-02-25,"HHS Region 2","ili perc",4,2017-03-25,"quantile",0.75,3.338297103877988
2017-02-25,"HHS Region 2","ili perc",4,2017-03-25,"quantile",0.8,3.535555047512814
2017-02-25,"HHS Region 2","ili perc",4,2017-03-25,"quantile",0.85,3.749751200586664
2017-02-25,"HHS Region 2","ili perc",4,2017-03-25,"quantile",0.9,4.064536520229031
2017-02-25,"HHS Region 2","ili perc",4,2017-03-25,"quantile",0.95,4.416435391972022
2017-02-25,"HHS Region 2","ili perc",4,2017-03-25,"quantile",0.975,4.997916127450017
2017-02-25,"HHS Region 2","ili perc",4,2017-03-25,"quantile",0.99,5.3740346481116275
2017-02-25,"HHS Region 3","ili perc",1,2017-03-04,"quantile",0.01,3.1864596472451896
2017-02-25,"HHS Region 3","ili perc",1,2017-03-04,"quantile",0.025,3.3163565311037257
2017-02-25,"HHS Region 3","ili perc",1,2017-03-04,"quantile",0.05,3.464267074369151
2017-02-25,"HHS Region 3","ili perc",1,2017-03-04,"quantile",0.1,3.660127688775897
2017-02-25,"HHS Region 3","ili perc",1,2017-03-04,"quantile",0.15,3.8289700773957382
2017-02-25,"HHS Region 3","ili perc",1,2017-03-04,"quantile",0.2,3.97792218763993
2017-02-25,"HHS Region 3","ili perc",1,2017-03-04,"quantile",0.25,4.068070649442793
2017-02-25,"HHS Region 3","ili perc",1,2017-03-04,"quantile",0.3,4.175049382565912
2017-02-25,"HHS Region 3","ili perc",1,2017-03-04,"quantile",0.35,4.267520548210653
2017-02-25,"HHS Region 3","ili perc",1,2017-03-04,"quantile",0.4,4.352429809144702
2017-02-25,"HHS Region 3","ili perc",1,2017-03-04,"quantile",0.45,4.43233672397904
2017-02-25,"HHS Region 3","ili perc",1,2017-03-04,"quantile",0.5,4.526084488919293
2017-02-25,"HHS Region 3","ili perc",1,2017-03-04,"quantile",0.55,4.607706351103853
2017-02-25,"HHS Region 3","ili perc",1,2017-03-04,"quantile",0.6,4.739796091886141
2017-02-25,"HHS Region 3","ili perc",1,2017-03-04,"quantile",0.65,4.834007405013856
2017-02-25,"HHS Region 3","ili perc",1,2017-03-04,"quantile",0.7,4.928239048177753
2017-02-25,"HHS Region 3","ili perc",1,2017-03-04,"quantile",0.75,5.088129777342732
2017-02-25,"HHS Region 3","ili perc",1,2017-03-04,"quantile",0.8,5.248752879039518
2017-02-25,"HHS Region 3","ili perc",1,2017-03-04,"quantile",0.85,5.423175202157937
2017-02-25,"HHS Region 3","ili perc",1,2017-03-04,"quantile",0.9,5.669218802761983
2017-02-25,"HHS Region 3","ili perc",1,2017-03-04,"quantile",0.95,5.9436178350724385
2017-02-25,"HHS Region 3","ili perc",1,2017-03-04,"quantile",0.975,6.216791919626094
2017-02-25,"HHS Region 3","ili perc",1,2017-03-04,"quantile",0.99,6.558444836873761
2017-02-25,"HHS Region 3","ili perc",2,2017-03-11,"quantile",0.01,2.5707538852244616
2017-02-25,"HHS Region 3","ili perc",2,2017-03-11,"quantile",0.025,2.782448948222299
2017-02-25,"HHS Region 3","ili perc",2,2017-03-11,"quantile",0.05,2.9491877764219634
2017-02-25,"HHS Region 3","ili perc",2,2017-03-11,"quantile",0.1,3.1942105888233354
2017-02-25,"HHS Region 3","ili perc",2,2017-03-11,"quantile",0.15,3.3823683495755796
2017-02-25,"HHS Region 3","ili perc",2,2017-03-11,"quantile",0.2,3.5179231869429164
2017-02-25,"HHS Region 3","ili perc",2,2017-03-11,"quantile",0.25,3.668007053787039
2017-02-25,"HHS Region 3","ili perc",2,2017-03-11,"quantile",0.3,3.7573796309533405
2017-02-25,"HHS Region 3","ili perc",2,2017-03-11,"quantile",0.35,3.8613274980456147
2017-02-25,"HHS Region 3","ili perc",2,2017-03-11,"quantile",0.4,3.9391503479711387
2017-02-25,"HHS Region 3","ili perc",2,2017-03-11,"quantile",0.45,4.021239657745195
2017-02-25,"HHS Region 3","ili perc",2,2017-03-11,"quantile",0.5,4.098543945095685
2017-02-25,"HHS Region 3","ili perc",2,2017-03-11,"quantile",0.55,4.220987605597046
2017-02-25,"HHS Region 3","ili perc",2,2017-03-11,"quantile",0.6,4.321737953652871
2017-02-25,"HHS Region 3","ili perc",2,2017-03-11,"quantile",0.65,4.442614181636133
2017-02-25,"HHS Region 3","ili perc",2,2017-03-11,"quantile",0.7,4.55787461714104
2017-02-25,"HHS Region 3","ili perc",2,2017-03-11,"quantile",0.75,4.679496003770879
2017-02-25,"HHS Region 3","ili perc",2,2017-03-11,"quantile",0.8,4.820160530357177
2017-02-25,"HHS Region 3","ili perc",2,2017-03-11,"quantile",0.85,4.996436902250805
2017-02-25,"HHS Region 3","ili perc",2,2017-03-11,"quantile",0.9,5.221155670574527
2017-02-25,"HHS Region 3","ili perc",2,2017-03-11,"quantile",0.95,5.6546412068562315
2017-02-25,"HHS Region 3","ili perc",2,2017-03-11,"quantile",0.975,6.093103167071408
2017-02-25,"HHS Region 3","ili perc",2,2017-03-11,"quantile",0.99,6.639157686984363
2017-02-25,"HHS Region 3","ili perc",3,2017-03-18,"quantile",0.01,2.190461974468292
2017-02-25,"HHS Region 3","ili perc",3,2017-03-18,"quantile",0.025,2.4107784639528633
2017-02-25,"HHS Region 3","ili perc",3,2017-03-18,"quantile",0.05,2.5578709269866375
2017-02-25,"HHS Region 3","ili perc",3,2017-03-18,"quantile",0.1,2.833468751642912
2017-02-25,"HHS Region 3","ili perc",3,2017-03-18,"quantile",0.15,3.0193249512610056
2017-02-25,"HHS Region 3","ili perc",3,2017-03-18,"quantile",0.2,3.145081910246258
2017-02-25,"HHS Region 3","ili perc",3,2017-03-18,"quantile",0.25,3.283364548292839
2017-02-25,"HHS Region 3","ili perc",3,2017-03-18,"quantile",0.3,3.40908460424242
2017-02-25,"HHS Region 3","ili perc",3,2017-03-18,"quantile",0.35,3.505308374362517
2017-02-25,"HHS Region 3","ili perc",3,2017-03-18,"quantile",0.4,3.598031955305524
2017-02-25,"HHS Region 3","ili perc",3,2017-03-18,"quantile",0.45,3.6931896960829693
2017-02-25,"HHS Region 3","ili perc",3,2017-03-18,"quantile",0.5,3.78402033081026
2017-02-25,"HHS Region 3","ili perc",3,2017-03-18,"quantile",0.55,3.8711262031093896
2017-02-25,"HHS Region 3","ili perc",3,2017-03-18,"quantile",0.6,3.9909333227266486
2017-02-25,"HHS Region 3","ili perc",3,2017-03-18,"quantile",0.65,4.113373365636163
2017-02-25,"HHS Region 3","ili perc",3,2017-03-18,"quantile",0.7,4.24998298636292
2017-02-25,"HHS Region 3","ili perc",3,2017-03-18,"quantile",0.75,4.381950689836752
2017-02-25,"HHS Region 3","ili perc",3,2017-03-18,"quantile",0.8,4.534316359071955
2017-02-25,"HHS Region 3","ili perc",3,2017-03-18,"quantile",0.85,4.707785391670253
2017-02-25,"HHS Region 3","ili perc",3,2017-03-18,"quantile",0.9,4.974145895979547
2017-02-25,"HHS Region 3","ili perc",3,2017-03-18,"quantile",0.95,5.522564212785913
2017-02-25,"HHS Region 3","ili perc",3,2017-03-18,"quantile",0.975,5.907007164976587
2017-02-25,"HHS Region 3","ili perc",3,2017-03-18,"quantile",0.99,6.5839393933686265
2017-02-25,"HHS Region 3","ili perc",4,2017-03-25,"quantile",0.01,1.7745812447195202
2017-02-25,"HHS Region 3","ili perc",4,2017-03-25,"quantile",0.025,1.9458714743156535
2017-02-25,"HHS Region 3","ili perc",4,2017-03-25,"quantile",0.05,2.0778888038051133
2017-02-25,"HHS Region 3","ili perc",4,2017-03-25,"quantile",0.1,2.3072044289170384
2017-02-25,"HHS Region 3","ili perc",4,2017-03-25,"quantile",0.15,2.4352496907539645
2017-02-25,"HHS Region 3","ili perc",4,2017-03-25,"quantile",0.2,2.5357640701512967
2017-02-25,"HHS Region 3","ili perc",4,2017-03-25,"quantile",0.25,2.646913457476561
2017-02-25,"HHS Region 3","ili perc",4,2017-03-25,"quantile",0.3,2.753482959167945
2017-02-25,"HHS Region 3","ili perc",4,2017-03-25,"quantile",0.35,2.8888665800867375
2017-02-25,"HHS Region 3","ili perc",4,2017-03-25,"quantile",0.4,2.981823138865103
2017-02-25,"HHS Region 3","ili perc",4,2017-03-25,"quantile",0.45,3.073510200201516
2017-02-25,"HHS Region 3","ili perc",4,2017-03-25,"quantile",0.5,3.160272855985943
2017-02-25,"HHS Region 3","ili perc",4,2017-03-25,"quantile",0.55,3.2603650142535376
2017-02-25,"HHS Region 3","ili perc",4,2017-03-25,"quantile",0.6,3.34512447501977
2017-02-25,"HHS Region 3","ili perc",4,2017-03-25,"quantile",0.65,3.4844761000809665
2017-02-25,"HHS Region 3","ili perc",4,2017-03-25,"quantile",0.7,3.6378727550781456
2017-02-25,"HHS Region 3","ili perc",4,2017-03-25,"quantile",0.75,3.78640245861966
2017-02-25,"HHS Region 3","ili perc",4,2017-03-25,"quantile",0.8,3.9185668565955796
2017-02-25,"HHS Region 3","ili perc",4,2017-03-25,"quantile",0.85,4.108642907533342
2017-02-25,"HHS Region 3","ili perc",4,2017-03-25,"quantile",0.9,4.339010786627691
2017-02-25,"HHS Region 3","ili perc",4,2017-03-25,"quantile",0.95,4.8123663522216
2017-02-25,"HHS Region 3","ili perc",4,2017-03-25,"quantile",0.975,5.084478321660807
2017-02-25,"HHS Region 3","ili perc",4,2017-03-25,"quantile",0.99,5.595595159072208
2017-02-25,"HHS Region 4","ili perc",1,2017-03-04,"quantile",0.01,3.1519497195549473
2017-02-25,"HHS Region 4","ili perc",1,2017-03-04,"quantile",0.025,3.447507536272631
2017-02-25,"HHS Region 4","ili perc",1,2017-03-04,"quantile",0.05,3.6428444364914965
2017-02-25,"HHS Region 4","ili perc",1,2017-03-04,"quantile",0.1,3.8236783405429002
2017-02-25,"HHS Region 4","ili perc",1,2017-03-04,"quantile",0.15,4.023009210463237
2017-02-25,"HHS Region 4","ili perc",1,2017-03-04,"quantile",0.2,4.1689522249080335
2017-02-25,"HHS Region 4","ili perc",1,2017-03-04,"quantile",0.25,4.298688506892683
2017-02-25,"HHS Region 4","ili perc",1,2017-03-04,"quantile",0.3,4.4046172365045075
2017-02-25,"HHS Region 4","ili perc",1,2017-03-04,"quantile",0.35,4.491614479496673
2017-02-25,"HHS Region 4","ili perc",1,2017-03-04,"quantile",0.4,4.590883146264466
2017-02-25,"HHS Region 4","ili perc",1,2017-03-04,"quantile",0.45,4.698494532593845
2017-02-25,"HHS Region 4","ili perc",1,2017-03-04,"quantile",0.5,4.789968977409178
2017-02-25,"HHS Region 4","ili perc",1,2017-03-04,"quantile",0.55,4.893301549354527
2017-02-25,"HHS Region 4","ili perc",1,2017-03-04,"quantile",0.6,4.99073692584613
2017-02-25,"HHS Region 4","ili perc",1,2017-03-04,"quantile",0.65,5.110288635161524
2017-02-25,"HHS Region 4","ili perc",1,2017-03-04,"quantile",0.7,5.242647737732649
2017-02-25,"HHS Region 4","ili perc",1,2017-03-04,"quantile",0.75,5.367619626848774
2017-02-25,"HHS Region 4","ili perc",1,2017-03-04,"quantile",0.8,5.498265750221679
2017-02-25,"HHS Region 4","ili perc",1,2017-03-04,"quantile",0.85,5.71209985184507
2017-02-25,"HHS Region 4","ili perc",1,2017-03-04,"quantile",0.9,5.923417494521631
2017-02-25,"HHS Region 4","ili perc",1,2017-03-04,"quantile",0.95,6.323646172529485
2017-02-25,"HHS Region 4","ili perc",1,2017-03-04,"quantile",0.975,6.704716517698076
2017-02-25,"HHS Region 4","ili perc",1,2017-03-04,"quantile",0.99,7.12481900779575
2017-02-25,"HHS Region 4","ili perc",2,2017-03-11,"quantile",0.01,2.5903499209551524
2017-02-25,"HHS Region 4","ili perc",2,2017-03-11,"quantile",0.025,2.8585984936190902
2017-02-25,"HHS Region 4","ili perc",2,2017-03-11,"quantile",0.05,3.0496999326191285
2017-02-25,"HHS Region 4","ili perc",2,2017-03-11,"quantile",0.1,3.313835776469574
2017-02-25,"HHS Region 4","ili perc",2,2017-03-11,"quantile",0.15,3.505890330827122
2017-02-25,"HHS Region 4","ili perc",2,2017-03-11,"quantile",0.2,3.623443679441633
2017-02-25,"HHS Region 4","ili perc",2,2017-03-11,"quantile",0.25,3.7279965854756343
2017-02-25,"HHS Region 4","ili perc",2,2017-03-11,"quantile",0.3,3.8579542630222985
2017-02-25,"HHS Region 4","ili perc",2,2017-03-11,"quantile",0.35,3.9812455707751595
2017-02-25,"HHS Region 4","ili perc",2,2017-03-11,"quantile",0.4,4.084819062344467
2017-02-25,"HHS Region 4","ili perc",2,2017-03-11,"quantile",0.45,4.2126223478401075
2017-02-25,"HHS Region 4","ili perc",2,2017-03-11,"quantile",0.5,4.321967370088482
2017-02-25,"HHS Region 4","ili perc",2,2017-03-11,"quantile",0.55,4.446809827577765
2017-02-25,"HHS Region 4","ili perc",2,2017-03-11,"quantile",0.6,4.552629031296416
2017-02-25,"HHS Region 4","ili perc",2,2017-03-11,"quantile",0.65,4.688521854140701
2017-02-25,"HHS Region 4","ili perc",2,2017-03-11,"quantile",0.7,4.809848198055559
2017-02-25,"HHS Region 4","ili perc",2,2017-03-11,"quantile",0.75,4.946184325460693
2017-02-25,"HHS Region 4","ili perc",2,2017-03-11,"quantile",0.8,5.139485830157481
2017-02-25,"HHS Region 4","ili perc",2,2017-03-11,"quantile",0.85,5.338069216671903
2017-02-25,"HHS Region 4","ili perc",2,2017-03-11,"quantile",0.9,5.6708323260255415
2017-02-25,"HHS Region 4","ili perc",2,2017-03-11,"quantile",0.95,6.200755738169929
2017-02-25,"HHS Region 4","ili perc",2,2017-03-11,"quantile",0.975,6.721844525855449
2017-02-25,"HHS Region 4","ili perc",2,2017-03-11,"quantile",0.99,7.307372191777393
2017-02-25,"HHS Region 4","ili perc",3,2017-03-18,"quantile",0.01,2.0377609198684996
2017-02-25,"HHS Region 4","ili perc",3,2017-03-18,"quantile",0.025,2.269809489149281
2017-02-25,"HHS Region 4","ili perc",3,2017-03-18,"quantile",0.05,2.4697978843143846
2017-02-25,"HHS Region 4","ili perc",3,2017-03-18,"quantile",0.1,2.703994042443563
2017-02-25,"HHS Region 4","ili perc",3,2017-03-18,"quantile",0.15,2.8793931683369824
2017-02-25,"HHS Region 4","ili perc",3,2017-03-18,"quantile",0.2,3.001044897352644
2017-02-25,"HHS Region 4","ili perc",3,2017-03-18,"quantile",0.25,3.1056685735679164
2017-02-25,"HHS Region 4","ili perc",3,2017-03-18,"quantile",0.3,3.2425610940063496
2017-02-25,"HHS Region 4","ili perc",3,2017-03-18,"quantile",0.35,3.3401159689817517
2017-02-25,"HHS Region 4","ili perc",3,2017-03-18,"quantile",0.4,3.46155552934673
2017-02-25,"HHS Region 4","ili perc",3,2017-03-18,"quantile",0.45,3.5893426132956927
2017-02-25,"HHS Region 4","ili perc",3,2017-03-18,"quantile",0.5,3.694380293471714
2017-02-25,"HHS Region 4","ili perc",3,2017-03-18,"quantile",0.55,3.816916032169478
2017-02-25,"HHS Region 4","ili perc",3,2017-03-18,"quantile",0.6,3.9304653731209425
2017-02-25,"HHS Region 4","ili perc",3,2017-03-18,"quantile",0.65,4.044286939970715
2017-02-25,"HHS Region 4","ili perc",3,2017-03-18,"quantile",0.7,4.1908417100653645
2017-02-25,"HHS Region 4","ili perc",3,2017-03-18,"quantile",0.75,4.318178359385895
2017-02-25,"HHS Region 4","ili perc",3,2017-03-18,"quantile",0.8,4.4961403108017945
2017-02-25,"HHS Region 4","ili perc",3,2017-03-18,"quantile",0.85,4.681334160092395
2017-02-25,"HHS Region 4","ili perc",3,2017-03-18,"quantile",0.9,4.924233787752379
2017-02-25,"HHS Region 4","ili perc",3,2017-03-18,"quantile",0.95,5.434582980777037
2017-02-25,"HHS Region 4","ili perc",3,2017-03-18,"quantile",0.975,5.903519438688414
2017-02-25,"HHS Region 4","ili perc",3,2017-03-18,"quantile",0.99,6.812236487321328
2017-02-25,"HHS Region 4","ili perc",4,2017-03-25,"quantile",0.01,1.6056480201796814
2017-02-25,"HHS Region 4","ili perc",4,2017-03-25,"quantile",0.025,1.8364556948690731
2017-02-25,"HHS Region 4","ili perc",4,2017-03-25,"quantile",0.05,2.0391110913987087
2017-02-25,"HHS Region 4","ili perc",4,2017-03-25,"quantile",0.1,2.2608171865838482
2017-02-25,"HHS Region 4","ili perc",4,2017-03-25,"quantile",0.15,2.401478895242787
2017-02-25,"HHS Region 4","ili perc",4,2017-03-25,"quantile",0.2,2.5080235147707572
2017-02-25,"HHS Region 4","ili perc",4,2017-03-25,"quantile",0.25,2.62116138176628
2017-02-25,"HHS Region 4","ili perc",4,2017-03-25,"quantile",0.3,2.7003200111104966
2017-02-25,"HHS Region 4","ili perc",4,2017-03-25,"quantile",0.35,2.7921832031731446
2017-02-25,"HHS Region 4","ili perc",4,2017-03-25,"quantile",0.4,2.926456768333855
2017-02-25,"HHS Region 4","ili perc",4,2017-03-25,"quantile",0.45,3.0058735426620626
2017-02-25,"HHS Region 4","ili perc",4,2017-03-25,"quantile",0.5,3.103610473876716
2017-02-25,"HHS Region 4","ili perc",4,2017-03-25,"quantile",0.55,3.208035790863366
2017-02-25,"HHS Region 4","ili perc",4,2017-03-25,"quantile",0.6,3.2954339133839246
2017-02-25,"HHS Region 4","ili perc",4,2017-03-25,"quantile",0.65,3.4038494925935985
2017-02-25,"HHS Region 4","ili perc",4,2017-03-25,"quantile",0.7,3.512805045345162
2017-02-25,"HHS Region 4","ili perc",4,2017-03-25,"quantile",0.75,3.643208213119429
2017-02-25,"HHS Region 4","ili perc",4,2017-03-25,"quantile",0.8,3.8616397930401813
2017-02-25,"HHS Region 4","ili perc",4,2017-03-25,"quantile",0.85,4.075573443126191
2017-02-25,"HHS Region 4","ili perc",4,2017-03-25,"quantile",0.9,4.342651684735198
2017-02-25,"HHS Region 4","ili perc",4,2017-03-25,"quantile",0.95,4.823503128406588
2017-02-25,"HHS Region 4","ili perc",4,2017-03-25,"quantile",0.975,5.205814228395281
2017-02-25,"HHS Region 4","ili perc",4,2017-03-25,"quantile",0.99,5.725212195445953
2017-02-25,"HHS Region 5","ili perc",1,2017-03-04,"quantile",0.01,2.6735992218168994
2017-02-25,"HHS Region 5","ili perc",1,2017-03-04,"quantile",0.025,2.825707012647808
2017-02-25,"HHS Region 5","ili perc",1,2017-03-04,"quantile",0.05,3.0020896296381987
2017-02-25,"HHS Region 5","ili perc",1,2017-03-04,"quantile",0.1,3.1828059185986883
2017-02-25,"HHS Region 5","ili perc",1,2017-03-04,"quantile",0.15,3.2870503668034674
2017-02-25,"HHS Region 5","ili perc",1,2017-03-04,"quantile",0.2,3.391500855941563
2017-02-25,"HHS Region 5","ili perc",1,2017-03-04,"quantile",0.25,3.4880969850139913
2017-02-25,"HHS Region 5","ili perc",1,2017-03-04,"quantile",0.3,3.5480874479325655
2017-02-25,"HHS Region 5","ili perc",1,2017-03-04,"quantile",0.35,3.607372084712054
2017-02-25,"HHS Region 5","ili perc",1,2017-03-04,"quantile",0.4,3.6938554777055312
2017-02-25,"HHS Region 5","ili perc",1,2017-03-04,"quantile",0.45,3.7520621522230337
2017-02-25,"HHS Region 5","ili perc",1,2017-03-04,"quantile",0.5,3.819114346497345
2017-02-25,"HHS Region 5","ili perc",1,2017-03-04,"quantile",0.55,3.8857750134474838
2017-02-25,"HHS Region 5","ili perc",1,2017-03-04,"quantile",0.6,3.9550424675790774
2017-02-25,"HHS Region 5","ili perc",1,2017-03-04,"quantile",0.65,4.0374308057337815
2017-02-25,"HHS Region 5","ili perc",1,2017-03-04,"quantile",0.7,4.12823579504193
2017-02-25,"HHS Region 5","ili perc",1,2017-03-04,"quantile",0.75,4.236850448141085
2017-02-25,"HHS Region 5","ili perc",1,2017-03-04,"quantile",0.8,4.3373601480370505
2017-02-25,"HHS Region 5","ili perc",1,2017-03-04,"quantile",0.85,4.466702786863973
2017-02-25,"HHS Region 5","ili perc",1,2017-03-04,"quantile",0.9,4.689276546149125
2017-02-25,"HHS Region 5","ili perc",1,2017-03-04,"quantile",0.95,5.00734736084226
2017-02-25,"HHS Region 5","ili perc",1,2017-03-04,"quantile",0.975,5.250560450677714
2017-02-25,"HHS Region 5","ili perc",1,2017-03-04,"quantile",0.99,5.5673770883924005
2017-02-25,"HHS Region 5","ili perc",2,2017-03-11,"quantile",0.01,2.190507325758759
2017-02-25,"HHS Region 5","ili perc",2,2017-03-11,"quantile",0.025,2.3663681996518413
2017-02-25,"HHS Region 5","ili perc",2,2017-03-11,"quantile",0.05,2.5705829652827323
2017-02-25,"HHS Region 5","ili perc",2,2017-03-11,"quantile",0.1,2.7429172557787043
2017-02-25,"HHS Region 5","ili perc",2,2017-03-11,"quantile",0.15,2.842772522678564
2017-02-25,"HHS Region 5","ili perc",2,2017-03-11,"quantile",0.2,2.93955043501678
2017-02-25,"HHS Region 5","ili perc",2,2017-03-11,"quantile",0.25,3.0396489681586703
2017-02-25,"HHS Region 5","ili perc",2,2017-03-11,"quantile",0.3,3.155403031584549
2017-02-25,"HHS Region 5","ili perc",2,2017-03-11,"quantile",0.35,3.225099176547224
2017-02-25,"HHS Region 5","ili perc",2,2017-03-11,"quantile",0.4,3.2970978899888923
2017-02-25,"HHS Region 5","ili perc",2,2017-03-11,"quantile",0.45,3.371478080298752
2017-02-25,"HHS Region 5","ili perc",2,2017-03-11,"quantile",0.5,3.436370801501818
2017-02-25,"HHS Region 5","ili perc",2,2017-03-11,"quantile",0.55,3.5285013743035303
2017-02-25,"HHS Region 5","ili perc",2,2017-03-11,"quantile",0.6,3.620625396033843
2017-02-25,"HHS Region 5","ili perc",2,2017-03-11,"quantile",0.65,3.7157609177420734
2017-02-25,"HHS Region 5","ili perc",2,2017-03-11,"quantile",0.7,3.808675181735876
2017-02-25,"HHS Region 5","ili perc",2,2017-03-11,"quantile",0.75,3.8917343453302617
2017-02-25,"HHS Region 5","ili perc",2,2017-03-11,"quantile",0.8,4.00955526881652
2017-02-25,"HHS Region 5","ili perc",2,2017-03-11,"quantile",0.85,4.159081622067537
2017-02-25,"HHS Region 5","ili perc",2,2017-03-11,"quantile",0.9,4.329350879643407
2017-02-25,"HHS Region 5","ili perc",2,2017-03-11,"quantile",0.95,4.779526272177799
2017-02-25,"HHS Region 5","ili perc",2,2017-03-11,"quantile",0.975,5.184453546499738
2017-02-25,"HHS Region 5","ili perc",2,2017-03-11,"quantile",0.99,5.540734840014376
2017-02-25,"HHS Region 5","ili perc",3,2017-03-18,"quantile",0.01,1.7651938121815098
2017-02-25,"HHS Region 5","ili perc",3,2017-03-18,"quantile",0.025,1.9748589764119566
2017-02-25,"HHS Region 5","ili perc",3,2017-03-18,"quantile",0.05,2.1890304653593096
2017-02-25,"HHS Region 5","ili perc",3,2017-03-18,"quantile",0.1,2.3486415092947683
2017-02-25,"HHS Region 5","ili perc",3,2017-03-18,"quantile",0.15,2.472286867163812
2017-02-25,"HHS Region 5","ili perc",3,2017-03-18,"quantile",0.2,2.557124377764286
2017-02-25,"HHS Region 5","ili perc",3,2017-03-18,"quantile",0.25,2.638051359607266
2017-02-25,"HHS Region 5","ili perc",3,2017-03-18,"quantile",0.3,2.7230592305893535
2017-02-25,"HHS Region 5","ili perc",3,2017-03-18,"quantile",0.35,2.8070268151941824
2017-02-25,"HHS Region 5","ili perc",3,2017-03-18,"quantile",0.4,2.8665866904416317
2017-02-25,"HHS Region 5","ili perc",3,2017-03-18,"quantile",0.45,2.96193704541444
2017-02-25,"HHS Region 5","ili perc",3,2017-03-18,"quantile",0.5,3.0381561345516364
2017-02-25,"HHS Region 5","ili perc",3,2017-03-18,"quantile",0.55,3.116068530713658
2017-02-25,"HHS Region 5","ili perc",3,2017-03-18,"quantile",0.6,3.2070079376495033
2017-02-25,"HHS Region 5","ili perc",3,2017-03-18,"quantile",0.65,3.282825451156433
2017-02-25,"HHS Region 5","ili perc",3,2017-03-18,"quantile",0.7,3.3913060295247304
2017-02-25,"HHS Region 5","ili perc",3,2017-03-18,"quantile",0.75,3.500138244810386
2017-02-25,"HHS Region 5","ili perc",3,2017-03-18,"quantile",0.8,3.640581876316116
2017-02-25,"HHS Region 5","ili perc",3,2017-03-18,"quantile",0.85,3.7782124999151625
2017-02-25,"HHS Region 5","ili perc",3,2017-03-18,"quantile",0.9,3.9702559671181294
2017-02-25,"HHS Region 5","ili perc",3,2017-03-18,"quantile",0.95,4.3127925047986375
2017-02-25,"HHS Region 5","ili perc",3,2017-03-18,"quantile",0.975,4.628858688956472
2017-02-25,"HHS Region 5","ili perc",3,2017-03-18,"quantile",0.99,5.026855584735318
2017-02-25,"HHS Region 5","ili perc",4,2017-03-25,"quantile",0.01,1.5076134320534325
2017-02-25,"HHS Region 5","ili perc",4,2017-03-25,"quantile",0.025,1.6207764423541187
2017-02-25,"HHS Region 5","ili perc",4,2017-03-25,"quantile",0.05,1.7265043246500886
2017-02-25,"HHS Region 5","ili perc",4,2017-03-25,"quantile",0.1,1.8987788850743577
2017-02-25,"HHS Region 5","ili perc",4,2017-03-25,"quantile",0.15,2.0294142062919662
2017-02-25,"HHS Region 5","ili perc",4,2017-03-25,"quantile",0.2,2.1223718157388496
2017-02-25,"HHS Region 5","ili perc",4,2017-03-25,"quantile",0.25,2.189795669222258
2017-02-25,"HHS Region 5","ili perc",4,2017-03-25,"quantile",0.3,2.259528942770765
2017-02-25,"HHS Region 5","ili perc",4,2017-03-25,"quantile",0.35,2.3319960537043727
2017-02-25,"HHS Region 5","ili perc",4,2017-03-25,"quantile",0.4,2.3981758717245163
2017-02-25,"HHS Region 5","ili perc",4,2017-03-25,"quantile",0.45,2.484349600883464
2017-02-25,"HHS Region 5","ili perc",4,2017-03-25,"quantile",0.5,2.580143650899771
2017-02-25,"HHS Region 5","ili perc",4,2017-03-25,"quantile",0.55,2.6651575473156544
2017-02-25,"HHS Region 5","ili perc",4,2017-03-25,"quantile",0.6,2.730559940558179
2017-02-25,"HHS Region 5","ili perc",4,2017-03-25,"quantile",0.65,2.807295479198108
2017-02-25,"HHS Region 5","ili perc",4,2017-03-25,"quantile",0.7,2.8789582850086117
2017-02-25,"HHS Region 5","ili perc",4,2017-03-25,"quantile",0.75,2.9778697139346657
2017-02-25,"HHS Region 5","ili perc",4,2017-03-25,"quantile",0.8,3.107045767545832
2017-02-25,"HHS Region 5","ili perc",4,2017-03-25,"quantile",0.85,3.2225164833248927
2017-02-25,"HHS Region 5","ili perc",4,2017-03-25,"quantile",0.9,3.4498563826030986
2017-02-25,"HHS Region 5","ili perc",4,2017-03-25,"quantile",0.95,3.771874810948185
2017-02-25,"HHS Region 5","ili perc",4,2017-03-25,"quantile",0.975,4.242912355197285
2017-02-25,"HHS Region 5","ili perc",4,2017-03-25,"quantile",0.99,4.602978925463455
2017-02-25,"HHS Region 6","ili perc",1,2017-03-04,"quantile",0.01,4.616708264372277
2017-02-25,"HHS Region 6","ili perc",1,2017-03-04,"quantile",0.025,5.25301702708588
2017-02-25,"HHS Region 6","ili perc",1,2017-03-04,"quantile",0.05,5.667936741904786
2017-02-25,"HHS Region 6","ili perc",1,2017-03-04,"quantile",0.1,6.048838253585751
2017-02-25,"HHS Region 6","ili perc",1,2017-03-04,"quantile",0.15,6.320359573574555
2017-02-25,"HHS Region 6","ili perc",1,2017-03-04,"quantile",0.2,6.491006786804549
2017-02-25,"HHS Region 6","ili perc",1,2017-03-04,"quantile",0.25,6.641322578704748
2017-02-25,"HHS Region 6","ili perc",1,2017-03-04,"quantile",0.3,6.801875470052044
2017-02-25,"HHS Region 6","ili perc",1,2017-03-04,"quantile",0.35,6.9654273689704365
2017-02-25,"HHS Region 6","ili perc",1,2017-03-04,"quantile",0.4,7.112655811928253
2017-02-25,"HHS Region 6","ili perc",1,2017-03-04,"quantile",0.45,7.265672033574613
2017-02-25,"HHS Region 6","ili perc",1,2017-03-04,"quantile",0.5,7.391781177600626
2017-02-25,"HHS Region 6","ili perc",1,2017-03-04,"quantile",0.55,7.568802287485591
2017-02-25,"HHS Region 6","ili perc",1,2017-03-04,"quantile",0.6,7.774813517861755
2017-02-25,"HHS Region 6","ili perc",1,2017-03-04,"quantile",0.65,7.932855929173696
2017-02-25,"HHS Region 6","ili perc",1,2017-03-04,"quantile",0.7,8.129962788189513
2017-02-25,"HHS Region 6","ili perc",1,2017-03-04,"quantile",0.75,8.364946529817983
2017-02-25,"HHS Region 6","ili perc",1,2017-03-04,"quantile",0.8,8.588032203474683
2017-02-25,"HHS Region 6","ili perc",1,2017-03-04,"quantile",0.85,8.91524190767304
2017-02-25,"HHS Region 6","ili perc",1,2017-03-04,"quantile",0.9,9.262156889832832
2017-02-25,"HHS Region 6","ili perc",1,2017-03-04,"quantile",0.95,9.814912862980366
2017-02-25,"HHS Region 6","ili perc",1,2017-03-04,"quantile",0.975,10.264213129622945
2017-02-25,"HHS Region 6","ili perc",1,2017-03-04,"quantile",0.99,10.91557751010337
2017-02-25,"HHS Region 6","ili perc",2,2017-03-11,"quantile",0.01,4.063278733046316
2017-02-25,"HHS Region 6","ili perc",2,2017-03-11,"quantile",0.025,4.401980906714314
2017-02-25,"HHS Region 6","ili perc",2,2017-03-11,"quantile",0.05,4.829356142636865
2017-02-25,"HHS Region 6","ili perc",2,2017-03-11,"quantile",0.1,5.153519630204262
2017-02-25,"HHS Region 6","ili perc",2,2017-03-11,"quantile",0.15,5.429182727221086
2017-02-25,"HHS Region 6","ili perc",2,2017-03-11,"quantile",0.2,5.688710541232737
2017-02-25,"HHS Region 6","ili perc",2,2017-03-11,"quantile",0.25,5.972765325835432
2017-02-25,"HHS Region 6","ili perc",2,2017-03-11,"quantile",0.3,6.100491909271343
2017-02-25,"HHS Region 6","ili perc",2,2017-03-11,"quantile",0.35,6.253084019590472
2017-02-25,"HHS Region 6","ili perc",2,2017-03-11,"quantile",0.4,6.409715909257257
2017-02-25,"HHS Region 6","ili perc",2,2017-03-11,"quantile",0.45,6.560485003292811
2017-02-25,"HHS Region 6","ili perc",2,2017-03-11,"quantile",0.5,6.7273324096841
2017-02-25,"HHS Region 6","ili perc",2,2017-03-11,"quantile",0.55,6.9238016246066305
2017-02-25,"HHS Region 6","ili perc",2,2017-03-11,"quantile",0.6,7.072432361187589
2017-02-25,"HHS Region 6","ili perc",2,2017-03-11,"quantile",0.65,7.269511966495191
2017-02-25,"HHS Region 6","ili perc",2,2017-03-11,"quantile",0.7,7.458065330598252
2017-02-25,"HHS Region 6","ili perc",2,2017-03-11,"quantile",0.75,7.732453835541563
2017-02-25,"HHS Region 6","ili perc",2,2017-03-11,"quantile",0.8,8.050165592263168
2017-02-25,"HHS Region 6","ili perc",2,2017-03-11,"quantile",0.85,8.414049651305119
2017-02-25,"HHS Region 6","ili perc",2,2017-03-11,"quantile",0.9,8.835074773818809
2017-02-25,"HHS Region 6","ili perc",2,2017-03-11,"quantile",0.95,9.582250314688018
2017-02-25,"HHS Region 6","ili perc",2,2017-03-11,"quantile",0.975,10.399529148182857
2017-02-25,"HHS Region 6","ili perc",2,2017-03-11,"quantile",0.99,11.143217110301013
2017-02-25,"HHS Region 6","ili perc",3,2017-03-18,"quantile",0.01,3.5372907810221283
2017-02-25,"HHS Region 6","ili perc",3,2017-03-18,"quantile",0.025,3.836555947556532
2017-02-25,"HHS Region 6","ili perc",3,2017-03-18,"quantile",0.05,4.101467105137904
2017-02-25,"HHS Region 6","ili perc",3,2017-03-18,"quantile",0.1,4.459411853593372
2017-02-25,"HHS Region 6","ili perc",3,2017-03-18,"quantile",0.15,4.666104897545927
2017-02-25,"HHS Region 6","ili perc",3,2017-03-18,"quantile",0.2,4.867228933304432
2017-02-25,"HHS Region 6","ili perc",3,2017-03-18,"quantile",0.25,5.073202064327605
2017-02-25,"HHS Region 6","ili perc",3,2017-03-18,"quantile",0.3,5.227193440366919
2017-02-25,"HHS Region 6","ili perc",3,2017-03-18,"quantile",0.35,5.358434789556539
2017-02-25,"HHS Region 6","ili perc",3,2017-03-18,"quantile",0.4,5.545141245961886
2017-02-25,"HHS Region 6","ili perc",3,2017-03-18,"quantile",0.45,5.7338906666244425
2017-02-25,"HHS Region 6","ili perc",3,2017-03-18,"quantile",0.5,5.923455615067883
2017-02-25,"HHS Region 6","ili perc",3,2017-03-18,"quantile",0.55,6.091232599692275
2017-02-25,"HHS Region 6","ili perc",3,2017-03-18,"quantile",0.6,6.278988895461718
2017-02-25,"HHS Region 6","ili perc",3,2017-03-18,"quantile",0.65,6.4439434971887275
2017-02-25,"HHS Region 6","ili perc",3,2017-03-18,"quantile",0.7,6.628952405747108
2017-02-25,"HHS Region 6","ili perc",3,2017-03-18,"quantile",0.75,6.813529293838137
2017-02-25,"HHS Region 6","ili perc",3,2017-03-18,"quantile",0.8,7.0596758705131135
2017-02-25,"HHS Region 6","ili perc",3,2017-03-18,"quantile",0.85,7.359721203911708
2017-02-25,"HHS Region 6","ili perc",3,2017-03-18,"quantile",0.9,7.789799749510439
2017-02-25,"HHS Region 6","ili perc",3,2017-03-18,"quantile",0.95,8.795898322290933
2017-02-25,"HHS Region 6","ili perc",3,2017-03-18,"quantile",0.975,9.568260197581225
2017-02-25,"HHS Region 6","ili perc",3,2017-03-18,"quantile",0.99,10.219356002876166
2017-02-25,"HHS Region 6","ili perc",4,2017-03-25,"quantile",0.01,2.647904948311778
2017-02-25,"HHS Region 6","ili perc",4,2017-03-25,"quantile",0.025,3.003729760475536
2017-02-25,"HHS Region 6","ili perc",4,2017-03-25,"quantile",0.05,3.2047053711083873
2017-02-25,"HHS Region 6","ili perc",4,2017-03-25,"quantile",0.1,3.523267965697206
2017-02-25,"HHS Region 6","ili perc",4,2017-03-25,"quantile",0.15,3.8112592934996643
2017-02-25,"HHS Region 6","ili perc",4,2017-03-25,"quantile",0.2,4.006071532597512
2017-02-25,"HHS Region 6","ili perc",4,2017-03-25,"quantile",0.25,4.167224755574689
2017-02-25,"HHS Region 6","ili perc",4,2017-03-25,"quantile",0.3,4.318193265195434
2017-02-25,"HHS Region 6","ili perc",4,2017-03-25,"quantile",0.35,4.463403764543945
2017-02-25,"HHS Region 6","ili perc",4,2017-03-25,"quantile",0.4,4.608402246956895
2017-02-25,"HHS Region 6","ili perc",4,2017-03-25,"quantile",0.45,4.778896491637709
2017-02-25,"HHS Region 6","ili perc",4,2017-03-25,"quantile",0.5,4.902277540934053
2017-02-25,"HHS Region 6","ili perc",4,2017-03-25,"quantile",0.55,5.0262801439885205
2017-02-25,"HHS Region 6","ili perc",4,2017-03-25,"quantile",0.6,5.179707875551826
2017-02-25,"HHS Region 6","ili perc",4,2017-03-25,"quantile",0.65,5.405214389373924
2017-02-25,"HHS Region 6","ili perc",4,2017-03-25,"quantile",0.7,5.601115044385605
2017-02-25,"HHS Region 6","ili perc",4,2017-03-25,"quantile",0.75,5.83047123574141
2017-02-25,"HHS Region 6","ili perc",4,2017-03-25,"quantile",0.8,6.15762464714114
2017-02-25,"HHS Region 6","ili perc",4,2017-03-25,"quantile",0.85,6.438060464831447
2017-02-25,"HHS Region 6","ili perc",4,2017-03-25,"quantile",0.9,6.822032838319257
2017-02-25,"HHS Region 6","ili perc",4,2017-03-25,"quantile",0.95,7.606228238705561
2017-02-25,"HHS Region 6","ili perc",4,2017-03-25,"quantile",0.975,8.412188150048065
2017-02-25,"HHS Region 6","ili perc",4,2017-03-25,"quantile",0.99,9.366178194065487
2017-02-25,"HHS Region 7","ili perc",1,2017-03-04,"quantile",0.01,1.1068956619429178
2017-02-25,"HHS Region 7","ili perc",1,2017-03-04,"quantile",0.025,1.4254283769472853
2017-02-25,"HHS Region 7","ili perc",1,2017-03-04,"quantile",0.05,1.739027913421269
2017-02-25,"HHS Region 7","ili perc",1,2017-03-04,"quantile",0.1,2.057210871763077
2017-02-25,"HHS Region 7","ili perc",1,2017-03-04,"quantile",0.15,2.26595308705885
2017-02-25,"HHS Region 7","ili perc",1,2017-03-04,"quantile",0.2,2.4711801513301017
2017-02-25,"HHS Region 7","ili perc",1,2017-03-04,"quantile",0.25,2.637818540429273
2017-02-25,"HHS Region 7","ili perc",1,2017-03-04,"quantile",0.3,2.827920897244241
2017-02-25,"HHS Region 7","ili perc",1,2017-03-04,"quantile",0.35,2.961122852538868
2017-02-25,"HHS Region 7","ili perc",1,2017-03-04,"quantile",0.4,3.127192660697843
2017-02-25,"HHS Region 7","ili perc",1,2017-03-04,"quantile",0.45,3.2576328158252914
2017-02-25,"HHS Region 7","ili perc",1,2017-03-04,"quantile",0.5,3.447075793572009
2017-02-25,"HHS Region 7","ili perc",1,2017-03-04,"quantile",0.55,3.6351003944268037
2017-02-25,"HHS Region 7","ili perc",1,2017-03-04,"quantile",0.6,3.8441161488701994
2017-02-25,"HHS Region 7","ili perc",1,2017-03-04,"quantile",0.65,4.038919612268265
2017-02-25,"HHS Region 7","ili perc",1,2017-03-04,"quantile",0.7,4.294463822868895
2017-02-25,"HHS Region 7","ili perc",1,2017-03-04,"quantile",0.75,4.558565122095385
2017-02-25,"HHS Region 7","ili perc",1,2017-03-04,"quantile",0.8,4.992970143632928
2017-02-25,"HHS Region 7","ili perc",1,2017-03-04,"quantile",0.85,5.4258774197913455
2017-02-25,"HHS Region 7","ili perc",1,2017-03-04,"quantile",0.9,5.994517444139091
2017-02-25,"HHS Region 7","ili perc",1,2017-03-04,"quantile",0.95,7.23061017816546
2017-02-25,"HHS Region 7","ili perc",1,2017-03-04,"quantile",0.975,8.47031897674681
2017-02-25,"HHS Region 7","ili perc",1,2017-03-04,"quantile",0.99,11.019327911781556
2017-02-25,"HHS Region 7","ili perc",2,2017-03-11,"quantile",0.01,0.861433759216728
2017-02-25,"HHS Region 7","ili perc",2,2017-03-11,"quantile",0.025,1.0347790360118452
2017-02-25,"HHS Region 7","ili perc",2,2017-03-11,"quantile",0.05,1.2232746516533615
2017-02-25,"HHS Region 7","ili perc",2,2017-03-11,"quantile",0.1,1.5307244848422725
2017-02-25,"HHS Region 7","ili perc",2,2017-03-11,"quantile",0.15,1.7442884615891716
2017-02-25,"HHS Region 7","ili perc",2,2017-03-11,"quantile",0.2,1.9180024719406055
2017-02-25,"HHS Region 7","ili perc",2,2017-03-11,"quantile",0.25,2.060680598602941
2017-02-25,"HHS Region 7","ili perc",2,2017-03-11,"quantile",0.3,2.237759093964631
2017-02-25,"HHS Region 7","ili perc",2,2017-03-11,"quantile",0.35,2.4220814290767345
2017-02-25,"HHS Region 7","ili perc",2,2017-03-11,"quantile",0.4,2.6187714064663767
2017-02-25,"HHS Region 7","ili perc",2,2017-03-11,"quantile",0.45,2.7320053283282504
2017-02-25,"HHS Region 7","ili perc",2,2017-03-11,"quantile",0.5,2.903197134118936
2017-02-25,"HHS Region 7","ili perc",2,2017-03-11,"quantile",0.55,3.0329071126287275
2017-02-25,"HHS Region 7","ili perc",2,2017-03-11,"quantile",0.6,3.182323983763771
2017-02-25,"HHS Region 7","ili perc",2,2017-03-11,"quantile",0.65,3.4108286420936995
2017-02-25,"HHS Region 7","ili perc",2,2017-03-11,"quantile",0.7,3.701676792867498
2017-02-25,"HHS Region 7","ili perc",2,2017-03-11,"quantile",0.75,3.992601370592419
2017-02-25,"HHS Region 7","ili perc",2,2017-03-11,"quantile",0.8,4.410601846544234
2017-02-25,"HHS Region 7","ili perc",2,2017-03-11,"quantile",0.85,4.884463489764806
2017-02-25,"HHS Region 7","ili perc",2,2017-03-11,"quantile",0.9,5.600091641687302
2017-02-25,"HHS Region 7","ili perc",2,2017-03-11,"quantile",0.95,6.701314122459232
2017-02-25,"HHS Region 7","ili perc",2,2017-03-11,"quantile",0.975,8.138770746911952
2017-02-25,"HHS Region 7","ili perc",2,2017-03-11,"quantile",0.99,11.72041004196702
2017-02-25,"HHS Region 7","ili perc",3,2017-03-18,"quantile",0.01,0.6078729518708342
2017-02-25,"HHS Region 7","ili perc",3,2017-03-18,"quantile",0.025,0.803281842593279
2017-02-25,"HHS Region 7","ili perc",3,2017-03-18,"quantile",0.05,0.9205626989774287
2017-02-25,"HHS Region 7","ili perc",3,2017-03-18,"quantile",0.1,1.1733477696921142
2017-02-25,"HHS Region 7","ili perc",3,2017-03-18,"quantile",0.15,1.3587170777541977
2017-02-25,"HHS Region 7","ili perc",3,2017-03-18,"quantile",0.2,1.5188031047869435
2017-02-25,"HHS Region 7","ili perc",3,2017-03-18,"quantile",0.25,1.694851309301841
2017-02-25,"HHS Region 7","ili perc",3,2017-03-18,"quantile",0.3,1.8252563076812707
2017-02-25,"HHS Region 7","ili perc",3,2017-03-18,"quantile",0.35,1.9644209828203973
2017-02-25,"HHS Region 7","ili perc",3,2017-03-18,"quantile",0.4,2.1230533780030796
2017-02-25,"HHS Region 7","ili perc",3,2017-03-18,"quantile",0.45,2.263132268609571
2017-02-25,"HHS Region 7","ili perc",3,2017-03-18,"quantile",0.5,2.4461290231557506
2017-02-25,"HHS Region 7","ili perc",3,2017-03-18,"quantile",0.55,2.601318085074926
2017-02-25,"HHS Region 7","ili perc",3,2017-03-18,"quantile",0.6,2.754254329507136
2017-02-25,"HHS Region 7","ili perc",3,2017-03-18,"quantile",0.65,2.991686456512756
2017-02-25,"HHS Region 7","ili perc",3,2017-03-18,"quantile",0.7,3.2030531509313884
2017-02-25,"HHS Region 7","ili perc",3,2017-03-18,"quantile",0.75,3.5339298184068935
2017-02-25,"HHS Region 7","ili perc",3,2017-03-18,"quantile",0.8,3.8787750522062074
2017-02-25,"HHS Region 7","ili perc",3,2017-03-18,"quantile",0.85,4.305629814477471
2017-02-25,"HHS Region 7","ili perc",3,2017-03-18,"quantile",0.9,5.089682390035723
2017-02-25,"HHS Region 7","ili perc",3,2017-03-18,"quantile",0.95,6.268159482726253
2017-02-25,"HHS Region 7","ili perc",3,2017-03-18,"quantile",0.975,7.615002940563786
2017-02-25,"HHS Region 7","ili perc",3,2017-03-18,"quantile",0.99,9.74763836784174
2017-02-25,"HHS Region 7","ili perc",4,2017-03-25,"quantile",0.01,0.44323481126035225
2017-02-25,"HHS Region 7","ili perc",4,2017-03-25,"quantile",0.025,0.5253190967176447
2017-02-25,"HHS Region 7","ili perc",4,2017-03-25,"quantile",0.05,0.644974653353764
2017-02-25,"HHS Region 7","ili perc",4,2017-03-25,"quantile",0.1,0.8254504931878138
2017-02-25,"HHS Region 7","ili perc",4,2017-03-25,"quantile",0.15,0.9637744018601174
2017-02-25,"HHS Region 7","ili perc",4,2017-03-25,"quantile",0.2,1.087475484008784
2017-02-25,"HHS Region 7","ili perc",4,2017-03-25,"quantile",0.25,1.2346651801883861
2017-02-25,"HHS Region 7","ili perc",4,2017-03-25,"quantile",0.3,1.348102063733575
2017-02-25,"HHS Region 7","ili perc",4,2017-03-25,"quantile",0.35,1.4703002980979327
2017-02-25,"HHS Region 7","ili perc",4,2017-03-25,"quantile",0.4,1.5991114836631153
2017-02-25,"HHS Region 7","ili perc",4,2017-03-25,"quantile",0.45,1.712008926838638
2017-02-25,"HHS Region 7","ili perc",4,2017-03-25,"quantile",0.5,1.8504168119221753
2017-02-25,"HHS Region 7","ili perc",4,2017-03-25,"quantile",0.55,1.989916709953638
2017-02-25,"HHS Region 7","ili perc",4,2017-03-25,"quantile",0.6,2.133298900549973
2017-02-25,"HHS Region 7","ili perc",4,2017-03-25,"quantile",0.65,2.3346330944248104
2017-02-25,"HHS Region 7","ili perc",4,2017-03-25,"quantile",0.7,2.6082699238913074
2017-02-25,"HHS Region 7","ili perc",4,2017-03-25,"quantile",0.75,2.8534357257295673
2017-02-25,"HHS Region 7","ili perc",4,2017-03-25,"quantile",0.8,3.1938366292016775
2017-02-25,"HHS Region 7","ili perc",4,2017-03-25,"quantile",0.85,3.628781649925612
2017-02-25,"HHS Region 7","ili perc",4,2017-03-25,"quantile",0.9,4.23868871990076
2017-02-25,"HHS Region 7","ili perc",4,2017-03-25,"quantile",0.95,5.1784973863936115
2017-02-25,"HHS Region 7","ili perc",4,2017-03-25,"quantile",0.975,6.295719677159342
2017-02-25,"HHS Region 7","ili perc",4,2017-03-25,"quantile",0.99,8.739291286803324
2017-02-25,"HHS Region 8","ili perc",1,2017-03-04,"quantile",0.01,0.8973709694190736
2017-02-25,"HHS Region 8","ili perc",1,2017-03-04,"quantile",0.025,0.9995700977224757
2017-02-25,"HHS Region 8","ili perc",1,2017-03-04,"quantile",0.05,1.0941272987850703
2017-02-25,"HHS Region 8","ili perc",1,2017-03-04,"quantile",0.1,1.2523725490000048
2017-02-25,"HHS Region 8","ili perc",1,2017-03-04,"quantile",0.15,1.3294852641496928
2017-02-25,"HHS Region 8","ili perc",1,2017-03-04,"quantile",0.2,1.4036934603077762
2017-02-25,"HHS Region 8","ili perc",1,2017-03-04,"quantile",0.25,1.4575987100940209
2017-02-25,"HHS Region 8","ili perc",1,2017-03-04,"quantile",0.3,1.5161801452507957
2017-02-25,"HHS Region 8","ili perc",1,2017-03-04,"quantile",0.35,1.5733992588237984
2017-02-25,"HHS Region 8","ili perc",1,2017-03-04,"quantile",0.4,1.6152766761759523
2017-02-25,"HHS Region 8","ili perc",1,2017-03-04,"quantile",0.45,1.6641337414990707
2017-02-25,"HHS Region 8","ili perc",1,2017-03-04,"quantile",0.5,1.702893432715314
2017-02-25,"HHS Region 8","ili perc",1,2017-03-04,"quantile",0.55,1.7513558719682147
2017-02-25,"HHS Region 8","ili perc",1,2017-03-04,"quantile",0.6,1.8056463248169543
2017-02-25,"HHS Region 8","ili perc",1,2017-03-04,"quantile",0.65,1.8596467421098002
2017-02-25,"HHS Region 8","ili perc",1,2017-03-04,"quantile",0.7,1.9301469365697952
2017-02-25,"HHS Region 8","ili perc",1,2017-03-04,"quantile",0.75,1.994003180219321
2017-02-25,"HHS Region 8","ili perc",1,2017-03-04,"quantile",0.8,2.0685090900163527
2017-02-25,"HHS Region 8","ili perc",1,2017-03-04,"quantile",0.85,2.1877216966182105
2017-02-25,"HHS Region 8","ili perc",1,2017-03-04,"quantile",0.9,2.2972814631769034
2017-02-25,"HHS Region 8","ili perc",1,2017-03-04,"quantile",0.95,2.561859340679572
2017-02-25,"HHS Region 8","ili perc",1,2017-03-04,"quantile",0.975,2.834337167392801
2017-02-25,"HHS Region 8","ili perc",1,2017-03-04,"quantile",0.99,3.247992269284646
2017-02-25,"HHS Region 8","ili perc",2,2017-03-11,"quantile",0.01,0.794360948520257
2017-02-25,"HHS Region 8","ili perc",2,2017-03-11,"quantile",0.025,0.8820317867713238
2017-02-25,"HHS Region 8","ili perc",2,2017-03-11,"quantile",0.05,0.9532514655550588
2017-02-25,"HHS Region 8","ili perc",2,2017-03-11,"quantile",0.1,1.0805094047620705
2017-02-25,"HHS Region 8","ili perc",2,2017-03-11,"quantile",0.15,1.1759890850597157
2017-02-25,"HHS Region 8","ili perc",2,2017-03-11,"quantile",0.2,1.2473475861618604
2017-02-25,"HHS Region 8","ili perc",2,2017-03-11,"quantile",0.25,1.3086813549010057
2017-02-25,"HHS Region 8","ili perc",2,2017-03-11,"quantile",0.3,1.356663276396081
2017-02-25,"HHS Region 8","ili perc",2,2017-03-11,"quantile",0.35,1.4191667623103204
2017-02-25,"HHS Region 8","ili perc",2,2017-03-11,"quantile",0.4,1.4751261134119318
2017-02-25,"HHS Region 8","ili perc",2,2017-03-11,"quantile",0.45,1.5266629840065913
2017-02-25,"HHS Region 8","ili perc",2,2017-03-11,"quantile",0.5,1.585084451647096
2017-02-25,"HHS Region 8","ili perc",2,2017-03-11,"quantile",0.55,1.6476990159876785
2017-02-25,"HHS Region 8","ili perc",2,2017-03-11,"quantile",0.6,1.7118580949150741
2017-02-25,"HHS Region 8","ili perc",2,2017-03-11,"quantile",0.65,1.7747009252581794
2017-02-25,"HHS Region 8","ili perc",2,2017-03-11,"quantile",0.7,1.8537460497634435
2017-02-25,"HHS Region 8","ili perc",2,2017-03-11,"quantile",0.75,1.9330461842888134
2017-02-25,"HHS Region 8","ili perc",2,2017-03-11,"quantile",0.8,2.041950722720691
2017-02-25,"HHS Region 8","ili perc",2,2017-03-11,"quantile",0.85,2.1774386409418276
2017-02-25,"HHS Region 8","ili perc",2,2017-03-11,"quantile",0.9,2.3762675560128095
2017-02-25,"HHS Region 8","ili perc",2,2017-03-11,"quantile",0.95,2.6241007417433595
2017-02-25,"HHS Region 8","ili perc",2,2017-03-11,"quantile",0.975,2.8264311572059992
2017-02-25,"HHS Region 8","ili perc",2,2017-03-11,"quantile",0.99,3.133636854747713
2017-02-25,"HHS Region 8","ili perc",3,2017-03-18,"quantile",0.01,0.649532737980731
2017-02-25,"HHS Region 8","ili perc",3,2017-03-18,"quantile",0.025,0.7519416303208818
2017-02-25,"HHS Region 8","ili perc",3,2017-03-18,"quantile",0.05,0.8421332550396186
2017-02-25,"HHS Region 8","ili perc",3,2017-03-18,"quantile",0.1,0.9135647800809202
2017-02-25,"HHS Region 8","ili perc",3,2017-03-18,"quantile",0.15,0.9932366093627086
2017-02-25,"HHS Region 8","ili perc",3,2017-03-18,"quantile",0.2,1.0759117561213625
2017-02-25,"HHS Region 8","ili perc",3,2017-03-18,"quantile",0.25,1.1307403388956276
2017-02-25,"HHS Region 8","ili perc",3,2017-03-18,"quantile",0.3,1.1918950494126774
2017-02-25,"HHS Region 8","ili perc",3,2017-03-18,"quantile",0.35,1.2450281528221214
2017-02-25,"HHS Region 8","ili perc",3,2017-03-18,"quantile",0.4,1.2861087584683963
2017-02-25,"HHS Region 8","ili perc",3,2017-03-18,"quantile",0.45,1.3547019321234135
2017-02-25,"HHS Region 8","ili perc",3,2017-03-18,"quantile",0.5,1.4030399187932459
2017-02-25,"HHS Region 8","ili perc",3,2017-03-18,"quantile",0.55,1.46757701619897
2017-02-25,"HHS Region 8","ili perc",3,2017-03-18,"quantile",0.6,1.5195244270213224
2017-02-25,"HHS Region 8","ili perc",3,2017-03-18,"quantile",0.65,1.575930020270285
2017-02-25,"HHS Region 8","ili perc",3,2017-03-18,"quantile",0.7,1.6548316489641943
2017-02-25,"HHS Region 8","ili perc",3,2017-03-18,"quantile",0.75,1.745056847395309
2017-02-25,"HHS Region 8","ili perc",3,2017-03-18,"quantile",0.8,1.8435678926225105
2017-02-25,"HHS Region 8","ili perc",3,2017-03-18,"quantile",0.85,1.9605121896045263
2017-02-25,"HHS Region 8","ili perc",3,2017-03-18,"quantile",0.9,2.108918439720094
2017-02-25,"HHS Region 8","ili perc",3,2017-03-18,"quantile",0.95,2.3698085022216064
2017-02-25,"HHS Region 8","ili perc",3,2017-03-18,"quantile",0.975,2.715380793035238
2017-02-25,"HHS Region 8","ili perc",3,2017-03-18,"quantile",0.99,2.9759157037499686
2017-02-25,"HHS Region 8","ili perc",4,2017-03-25,"quantile",0.01,0.5627512971697011
2017-02-25,"HHS Region 8","ili perc",4,2017-03-25,"quantile",0.025,0.6475826977269928
2017-02-25,"HHS Region 8","ili perc",4,2017-03-25,"quantile",0.05,0.710517307286071
2017-02-25,"HHS Region 8","ili perc",4,2017-03-25,"quantile",0.1,0.8100340096146095
2017-02-25,"HHS Region 8","ili perc",4,2017-03-25,"quantile",0.15,0.8882563638197775
2017-02-25,"HHS Region 8","ili perc",4,2017-03-25,"quantile",0.2,0.9464394319407219
2017-02-25,"HHS Region 8","ili perc",4,2017-03-25,"quantile",0.25,1.0150960261371562
2017-02-25,"HHS Region 8","ili perc",4,2017-03-25,"quantile",0.3,1.0634361011163205
2017-02-25,"HHS Region 8","ili perc",4,2017-03-25,"quantile",0.35,1.1142979571982736
2017-02-25,"HHS Region 8","ili perc",4,2017-03-25,"quantile",0.4,1.1665047136698705
2017-02-25,"HHS Region 8","ili perc",4,2017-03-25,"quantile",0.45,1.222239793703078
2017-02-25,"HHS Region 8","ili perc",4,2017-03-25,"quantile",0.5,1.278600715807848
2017-02-25,"HHS Region 8","ili perc",4,2017-03-25,"quantile",0.55,1.3327487507677038
2017-02-25,"HHS Region 8","ili perc",4,2017-03-25,"quantile",0.6,1.3887792455351697
2017-02-25,"HHS Region 8","ili perc",4,2017-03-25,"quantile",0.65,1.4512738117363386
2017-02-25,"HHS Region 8","ili perc",4,2017-03-25,"quantile",0.7,1.530483203610075
2017-02-25,"HHS Region 8","ili perc",4,2017-03-25,"quantile",0.75,1.6376686864619403
2017-02-25,"HHS Region 8","ili perc",4,2017-03-25,"quantile",0.8,1.739718845272784
2017-02-25,"HHS Region 8","ili perc",4,2017-03-25,"quantile",0.85,1.877142421547634
2017-02-25,"HHS Region 8","ili perc",4,2017-03-25,"quantile",0.9,2.0616497072409636
2017-02-25,"HHS Region 8","ili perc",4,2017-03-25,"quantile",0.95,2.32278094413665
2017-02-25,"HHS Region 8","ili perc",4,2017-03-25,"quantile",0.975,2.5306323751084134
2017-02-25,"HHS Region 8","ili perc",4,2017-03-25,"quantile",0.99,2.8398507926798686
2017-02-25,"HHS Region 9","ili perc",1,2017-03-04,"quantile",0.01,1.8943484743548507
2017-02-25,"HHS Region 9","ili perc",1,2017-03-04,"quantile",0.025,1.9851585545497934
2017-02-25,"HHS Region 9","ili perc",1,2017-03-04,"quantile",0.05,2.1134694929975923
2017-02-25,"HHS Region 9","ili perc",1,2017-03-04,"quantile",0.1,2.21983172984171
2017-02-25,"HHS Region 9","ili perc",1,2017-03-04,"quantile",0.15,2.3092293908244876
2017-02-25,"HHS Region 9","ili perc",1,2017-03-04,"quantile",0.2,2.3819955157351655
2017-02-25,"HHS Region 9","ili perc",1,2017-03-04,"quantile",0.25,2.437362870882151
2017-02-25,"HHS Region 9","ili perc",1,2017-03-04,"quantile",0.3,2.488655479366859
2017-02-25,"HHS Region 9","ili perc",1,2017-03-04,"quantile",0.35,2.542320521058119
2017-02-25,"HHS Region 9","ili perc",1,2017-03-04,"quantile",0.4,2.5921389834496797
2017-02-25,"HHS Region 9","ili perc",1,2017-03-04,"quantile",0.45,2.6366941642621873
2017-02-25,"HHS Region 9","ili perc",1,2017-03-04,"quantile",0.5,2.689776775205869
2017-02-25,"HHS Region 9","ili perc",1,2017-03-04,"quantile",0.55,2.731886059186701
2017-02-25,"HHS Region 9","ili perc",1,2017-03-04,"quantile",0.6,2.7739942913688127
2017-02-25,"HHS Region 9","ili perc",1,2017-03-04,"quantile",0.65,2.825645336131275
2017-02-25,"HHS Region 9","ili perc",1,2017-03-04,"quantile",0.7,2.8794759131578416
2017-02-25,"HHS Region 9","ili perc",1,2017-03-04,"quantile",0.75,2.933128371712901
2017-02-25,"HHS Region 9","ili perc",1,2017-03-04,"quantile",0.8,2.998303662131415
2017-02-25,"HHS Region 9","ili perc",1,2017-03-04,"quantile",0.85,3.09779659632218
2017-02-25,"HHS Region 9","ili perc",1,2017-03-04,"quantile",0.9,3.2315236977220407
2017-02-25,"HHS Region 9","ili perc",1,2017-03-04,"quantile",0.95,3.4226133077018286
2017-02-25,"HHS Region 9","ili perc",1,2017-03-04,"quantile",0.975,3.61260116532048
2017-02-25,"HHS Region 9","ili perc",1,2017-03-04,"quantile",0.99,3.923613091987283
2017-02-25,"HHS Region 9","ili perc",2,2017-03-11,"quantile",0.01,1.6742108545450944
2017-02-25,"HHS Region 9","ili perc",2,2017-03-11,"quantile",0.025,1.7839182629787824
2017-02-25,"HHS Region 9","ili perc",2,2017-03-11,"quantile",0.05,1.9155720580487183
2017-02-25,"HHS Region 9","ili perc",2,2017-03-11,"quantile",0.1,2.042164686329104
2017-02-25,"HHS Region 9","ili perc",2,2017-03-11,"quantile",0.15,2.144824916539347
2017-02-25,"HHS Region 9","ili perc",2,2017-03-11,"quantile",0.2,2.222541375710822
2017-02-25,"HHS Region 9","ili perc",2,2017-03-11,"quantile",0.25,2.2917415934976524
2017-02-25,"HHS Region 9","ili perc",2,2017-03-11,"quantile",0.3,2.3564388981744364
2017-02-25,"HHS Region 9","ili perc",2,2017-03-11,"quantile",0.35,2.4126134090675504
2017-02-25,"HHS Region 9","ili perc",2,2017-03-11,"quantile",0.4,2.4674961694374162
2017-02-25,"HHS Region 9","ili perc",2,2017-03-11,"quantile",0.45,2.5262048748072723
2017-02-25,"HHS Region 9","ili perc",2,2017-03-11,"quantile",0.5,2.5690576305282002
2017-02-25,"HHS Region 9","ili perc",2,2017-03-11,"quantile",0.55,2.622085570537333
2017-02-25,"HHS Region 9","ili perc",2,2017-03-11,"quantile",0.6,2.678400612184592
2017-02-25,"HHS Region 9","ili perc",2,2017-03-11,"quantile",0.65,2.7372763906078927
2017-02-25,"HHS Region 9","ili perc",2,2017-03-11,"quantile",0.7,2.80664454269648
2017-02-25,"HHS Region 9","ili perc",2,2017-03-11,"quantile",0.75,2.8776994511788976
2017-02-25,"HHS Region 9","ili perc",2,2017-03-11,"quantile",0.8,2.93866934230787
2017-02-25,"HHS Region 9","ili perc",2,2017-03-11,"quantile",0.85,3.0491594600697365
2017-02-25,"HHS Region 9","ili perc",2,2017-03-11,"quantile",0.9,3.188781280253128
2017-02-25,"HHS Region 9","ili perc",2,2017-03-11,"quantile",0.95,3.400485961050253
2017-02-25,"HHS Region 9","ili perc",2,2017-03-11,"quantile",0.975,3.641392030294966
2017-02-25,"HHS Region 9","ili perc",2,2017-03-11,"quantile",0.99,3.9850368871721624
2017-02-25,"HHS Region 9","ili perc",3,2017-03-18,"quantile",0.01,1.466071520092583
2017-02-25,"HHS Region 9","ili perc",3,2017-03-18,"quantile",0.025,1.580908099563522
2017-02-25,"HHS Region 9","ili perc",3,2017-03-18,"quantile",0.05,1.6845533161926525
2017-02-25,"HHS Region 9","ili perc",3,2017-03-18,"quantile",0.1,1.8414353594147337
2017-02-25,"HHS Region 9","ili perc",3,2017-03-18,"quantile",0.15,1.926062754335194
2017-02-25,"HHS Region 9","ili perc",3,2017-03-18,"quantile",0.2,2.016290692130718
2017-02-25,"HHS Region 9","ili perc",3,2017-03-18,"quantile",0.25,2.0922980888979277
2017-02-25,"HHS Region 9","ili perc",3,2017-03-18,"quantile",0.3,2.1624213079367913
2017-02-25,"HHS Region 9","ili perc",3,2017-03-18,"quantile",0.35,2.2197736657203673
2017-02-25,"HHS Region 9","ili perc",3,2017-03-18,"quantile",0.4,2.2758899838305973
2017-02-25,"HHS Region 9","ili perc",3,2017-03-18,"quantile",0.45,2.333332053479482
2017-02-25,"HHS Region 9","ili perc",3,2017-03-18,"quantile",0.5,2.379572043286659
2017-02-25,"HHS Region 9","ili perc",3,2017-03-18,"quantile",0.55,2.439128271661426
2017-02-25,"HHS Region 9","ili perc",3,2017-03-18,"quantile",0.6,2.5020541531780602
2017-02-25,"HHS Region 9","ili perc",3,2017-03-18,"quantile",0.65,2.567190588773724
2017-02-25,"HHS Region 9","ili perc",3,2017-03-18,"quantile",0.7,2.622163609304184
2017-02-25,"HHS Region 9","ili perc",3,2017-03-18,"quantile",0.75,2.71333887351005
2017-02-25,"HHS Region 9","ili perc",3,2017-03-18,"quantile",0.8,2.7811248854899246
2017-02-25,"HHS Region 9","ili perc",3,2017-03-18,"quantile",0.85,2.8870461453662855
2017-02-25,"HHS Region 9","ili perc",3,2017-03-18,"quantile",0.9,3.010608985123376
2017-02-25,"HHS Region 9","ili perc",3,2017-03-18,"quantile",0.95,3.236976563142885
2017-02-25,"HHS Region 9","ili perc",3,2017-03-18,"quantile",0.975,3.5684416368086618
2017-02-25,"HHS Region 9","ili perc",3,2017-03-18,"quantile",0.99,3.7460949010214346
2017-02-25,"HHS Region 9","ili perc",4,2017-03-25,"quantile",0.01,1.3085332519177544
2017-02-25,"HHS Region 9","ili perc",4,2017-03-25,"quantile",0.025,1.432842231149104
2017-02-25,"HHS Region 9","ili perc",4,2017-03-25,"quantile",0.05,1.5480061834420362
2017-02-25,"HHS Region 9","ili perc",4,2017-03-25,"quantile",0.1,1.684568169208216
2017-02-25,"HHS Region 9","ili perc",4,2017-03-25,"quantile",0.15,1.766538764880969
2017-02-25,"HHS Region 9","ili perc",4,2017-03-25,"quantile",0.2,1.8257856202278704
2017-02-25,"HHS Region 9","ili perc",4,2017-03-25,"quantile",0.25,1.879060661650038
2017-02-25,"HHS Region 9","ili perc",4,2017-03-25,"quantile",0.3,1.953389719191943
2017-02-25,"HHS Region 9","ili perc",4,2017-03-25,"quantile",0.35,2.012180657051886
2017-02-25,"HHS Region 9","ili perc",4,2017-03-25,"quantile",0.4,2.0763035346271694
2017-02-25,"HHS Region 9","ili perc",4,2017-03-25,"quantile",0.45,2.135756671030758
2017-02-25,"HHS Region 9","ili perc",4,2017-03-25,"quantile",0.5,2.182887060354547
2017-02-25,"HHS Region 9","ili perc",4,2017-03-25,"quantile",0.55,2.2373182154458577
2017-02-25,"HHS Region 9","ili perc",4,2017-03-25,"quantile",0.6,2.2951507344154227
2017-02-25,"HHS Region 9","ili perc",4,2017-03-25,"quantile",0.65,2.3597498700546646
2017-02-25,"HHS Region 9","ili perc",4,2017-03-25,"quantile",0.7,2.431231989834622
2017-02-25,"HHS Region 9","ili perc",4,2017-03-25,"quantile",0.75,2.4973193029604572
2017-02-25,"HHS Region 9","ili perc",4,2017-03-25,"quantile",0.8,2.5933248619814693
2017-02-25,"HHS Region 9","ili perc",4,2017-03-25,"quantile",0.85,2.677679063878991
2017-02-25,"HHS Region 9","ili perc",4,2017-03-25,"quantile",0.9,2.805799187747747
2017-02-25,"HHS Region 9","ili perc",4,2017-03-25,"quantile",0.95,3.0487762220089323
2017-02-25,"HHS Region 9","ili perc",4,2017-03-25,"quantile",0.975,3.2922434884018443
2017-02-25,"HHS Region 9","ili perc",4,2017-03-25,"quantile",0.99,3.652313280129836
2017-02-25,"HHS Region 10","ili perc",1,2017-03-04,"quantile",0.01,0.4467173671998217
2017-02-25,"HHS Region 10","ili perc",1,2017-03-04,"quantile",0.025,0.5202394193469644
2017-02-25,"HHS Region 10","ili perc",1,2017-03-04,"quantile",0.05,0.607418852331042
2017-02-25,"HHS Region 10","ili perc",1,2017-03-04,"quantile",0.1,0.6883277119156
2017-02-25,"HHS Region 10","ili perc",1,2017-03-04,"quantile",0.15,0.7478046294529803
2017-02-25,"HHS Region 10","ili perc",1,2017-03-04,"quantile",0.2,0.816895773154444
2017-02-25,"HHS Region 10","ili perc",1,2017-03-04,"quantile",0.25,0.8734527269694887
2017-02-25,"HHS Region 10","ili perc",1,2017-03-04,"quantile",0.3,0.9422742456299593
2017-02-25,"HHS Region 10","ili perc",1,2017-03-04,"quantile",0.35,1.0009030624783506
2017-02-25,"HHS Region 10","ili perc",1,2017-03-04,"quantile",0.4,1.046487040018573
2017-02-25,"HHS Region 10","ili perc",1,2017-03-04,"quantile",0.45,1.1097247474300327
2017-02-25,"HHS Region 10","ili perc",1,2017-03-04,"quantile",0.5,1.185456972173309
2017-02-25,"HHS Region 10","ili perc",1,2017-03-04,"quantile",0.55,1.2516240919549604
2017-02-25,"HHS Region 10","ili perc",1,2017-03-04,"quantile",0.6,1.3052271632123356
2017-02-25,"HHS Region 10","ili perc",1,2017-03-04,"quantile",0.65,1.3680537728343054
2017-02-25,"HHS Region 10","ili perc",1,2017-03-04,"quantile",0.7,1.445988120098748
2017-02-25,"HHS Region 10","ili perc",1,2017-03-04,"quantile",0.75,1.5456815386731606
2017-02-25,"HHS Region 10","ili perc",1,2017-03-04,"quantile",0.8,1.663482167900421
2017-02-25,"HHS Region 10","ili perc",1,2017-03-04,"quantile",0.85,1.7851066564349538
2017-02-25,"HHS Region 10","ili perc",1,2017-03-04,"quantile",0.9,1.972339470528878
2017-02-25,"HHS Region 10","ili perc",1,2017-03-04,"quantile",0.95,2.327155509430453
2017-02-25,"HHS Region 10","ili perc",1,2017-03-04,"quantile",0.975,2.8499515319517665
2017-02-25,"HHS Region 10","ili perc",1,2017-03-04,"quantile",0.99,3.4653560486357553
2017-02-25,"HHS Region 10","ili perc",2,2017-03-11,"quantile",0.01,0.3312096999895689
2017-02-25,"HHS Region 10","ili perc",2,2017-03-11,"quantile",0.025,0.38136145496007473
2017-02-25,"HHS Region 10","ili perc",2,2017-03-11,"quantile",0.05,0.4465298269247725
2017-02-25,"HHS Region 10","ili perc",2,2017-03-11,"quantile",0.1,0.5332274819113034
2017-02-25,"HHS Region 10","ili perc",2,2017-03-11,"quantile",0.15,0.6150469556027951
2017-02-25,"HHS Region 10","ili perc",2,2017-03-11,"quantile",0.2,0.6930241958767981
2017-02-25,"HHS Region 10","ili perc",2,2017-03-11,"quantile",0.25,0.7666747099572866
2017-02-25,"HHS Region 10","ili perc",2,2017-03-11,"quantile",0.3,0.8274040605401597
2017-02-25,"HHS Region 10","ili perc",2,2017-03-11,"quantile",0.35,0.8828290491126871
2017-02-25,"HHS Region 10","ili perc",2,2017-03-11,"quantile",0.4,0.9447100815211346
2017-02-25,"HHS Region 10","ili perc",2,2017-03-11,"quantile",0.45,0.9981561881868511
2017-02-25,"HHS Region 10","ili perc",2,2017-03-11,"quantile",0.5,1.043716791348285
2017-02-25,"HHS Region 10","ili perc",2,2017-03-11,"quantile",0.55,1.1137638445874394
2017-02-25,"HHS Region 10","ili perc",2,2017-03-11,"quantile",0.6,1.1966853653027236
2017-02-25,"HHS Region 10","ili perc",2,2017-03-11,"quantile",0.65,1.2555922812077702
2017-02-25,"HHS Region 10","ili perc",2,2017-03-11,"quantile",0.7,1.3439304336864302
2017-02-25,"HHS Region 10","ili perc",2,2017-03-11,"quantile",0.75,1.4659556001768976
2017-02-25,"HHS Region 10","ili perc",2,2017-03-11,"quantile",0.8,1.606276067470932
2017-02-25,"HHS Region 10","ili perc",2,2017-03-11,"quantile",0.85,1.8170862208610683
2017-02-25,"HHS Region 10","ili perc",2,2017-03-11,"quantile",0.9,2.075626875004513
2017-02-25,"HHS Region 10","ili perc",2,2017-03-11,"quantile",0.95,2.4362656417335793
2017-02-25,"HHS Region 10","ili perc",2,2017-03-11,"quantile",0.975,2.9403415806346858
2017-02-25,"HHS Region 10","ili perc",2,2017-03-11,"quantile",0.99,3.5048764647065584
2017-02-25,"HHS Region 10","ili perc",3,2017-03-18,"quantile",0.01,0.22007091916588795
2017-02-25,"HHS Region 10","ili perc",3,2017-03-18,"quantile",0.025,0.2866257402824087
2017-02-25,"HHS Region 10","ili perc",3,2017-03-18,"quantile",0.05,0.3591525232036583
2017-02-25,"HHS Region 10","ili perc",3,2017-03-18,"quantile",0.1,0.4345612954400812
2017-02-25,"HHS Region 10","ili perc",3,2017-03-18,"quantile",0.15,0.5040718576182712
2017-02-25,"HHS Region 10","ili perc",3,2017-03-18,"quantile",0.2,0.5733666194069208
2017-02-25,"HHS Region 10","ili perc",3,2017-03-18,"quantile",0.25,0.6174435272139754
2017-02-25,"HHS Region 10","ili perc",3,2017-03-18,"quantile",0.3,0.6973390007068224
2017-02-25,"HHS Region 10","ili perc",3,2017-03-18,"quantile",0.35,0.7421533433749096
2017-02-25,"HHS Region 10","ili perc",3,2017-03-18,"quantile",0.4,0.8066702606804369
2017-02-25,"HHS Region 10","ili perc",3,2017-03-18,"quantile",0.45,0.8714303333511086
2017-02-25,"HHS Region 10","ili perc",3,2017-03-18,"quantile",0.5,0.9377042334465732
2017-02-25,"HHS Region 10","ili perc",3,2017-03-18,"quantile",0.55,1.0168325390362467
2017-02-25,"HHS Region 10","ili perc",3,2017-03-18,"quantile",0.6,1.0925232035743877
2017-02-25,"HHS Region 10","ili perc",3,2017-03-18,"quantile",0.65,1.2093521147039121
2017-02-25,"HHS Region 10","ili perc",3,2017-03-18,"quantile",0.7,1.2949980393284575
2017-02-25,"HHS Region 10","ili perc",3,2017-03-18,"quantile",0.75,1.4167326965455465
2017-02-25,"HHS Region 10","ili perc",3,2017-03-18,"quantile",0.8,1.5814825014196203
2017-02-25,"HHS Region 10","ili perc",3,2017-03-18,"quantile",0.85,1.8097423103048909
2017-02-25,"HHS Region 10","ili perc",3,2017-03-18,"quantile",0.9,1.9971029678125989
2017-02-25,"HHS Region 10","ili perc",3,2017-03-18,"quantile",0.95,2.4880215162741295
2017-02-25,"HHS Region 10","ili perc",3,2017-03-18,"quantile",0.975,3.087320039275663
2017-02-25,"HHS Region 10","ili perc",3,2017-03-18,"quantile",0.99,4.308639844051704
2017-02-25,"HHS Region 10","ili perc",4,2017-03-25,"quantile",0.01,0.18467678601210732
2017-02-25,"HHS Region 10","ili perc",4,2017-03-25,"quantile",0.025,0.23187110074422018
2017-02-25,"HHS Region 10","ili perc",4,2017-03-25,"quantile",0.05,0.3007218120847746
2017-02-25,"HHS Region 10","ili perc",4,2017-03-25,"quantile",0.1,0.38055324414785535
2017-02-25,"HHS Region 10","ili perc",4,2017-03-25,"quantile",0.15,0.44578437323863607
2017-02-25,"HHS Region 10","ili perc",4,2017-03-25,"quantile",0.2,0.5066687649507874
2017-02-25,"HHS Region 10","ili perc",4,2017-03-25,"quantile",0.25,0.5638199814922165
2017-02-25,"HHS Region 10","ili perc",4,2017-03-25,"quantile",0.3,0.607956134536067
2017-02-25,"HHS Region 10","ili perc",4,2017-03-25,"quantile",0.35,0.6707071399840161
2017-02-25,"HHS Region 10","ili perc",4,2017-03-25,"quantile",0.4,0.7189241865725786
2017-02-25,"HHS Region 10","ili perc",4,2017-03-25,"quantile",0.45,0.7700951487808391
2017-02-25,"HHS Region 10","ili perc",4,2017-03-25,"quantile",0.5,0.8453387833345009
2017-02-25,"HHS Region 10","ili perc",4,2017-03-25,"quantile",0.55,0.9174095786227366
2017-02-25,"HHS Region 10","ili perc",4,2017-03-25,"quantile",0.6,0.9894464794004929
2017-02-25,"HHS Region 10","ili perc",4,2017-03-25,"quantile",0.65,1.0700647811346116
2017-02-25,"HHS Region 10","ili perc",4,2017-03-25,"quantile",0.7,1.1687352073611186
2017-02-25,"HHS Region 10","ili perc",4,2017-03-25,"quantile",0.75,1.2946037741270964
2017-02-25,"HHS Region 10","ili perc",4,2017-03-25,"quantile",0.8,1.4636239540308518
2017-02-25,"HHS Region 10","ili perc",4,2017-03-25,"quantile",0.85,1.6827823414920804
2017-02-25,"HHS Region 10","ili perc",4,2017-03-25,"quantile",0.9,2.025985078668758
2017-02-25,"HHS Region 10","ili perc",4,2017-03-25,"quantile",0.95,2.5483926721316776
2017-02-25,"HHS Region 10","ili perc",4,2017-03-25,"quantile",0.975,3.057108378884782
2017-02-25,"HHS Region 10","ili perc",4,2017-03-25,"quantile",0.99,3.5886691432265
