"location","origin_date","target_end_date","horizon","quantile","output_type_id","value","target","output_type","region"
"HHS Region 1",2018-03-10,2018-03-17,1,"1%",0.01,1.41416655238199,"ili perc","quantile","hhs1"
"HHS Region 1",2018-03-10,2018-03-17,1,"2.5%",0.025,1.41416655238199,"ili perc","quantile","hhs1"
"HHS Region 1",2018-03-10,2018-03-17,1,"5%",0.05,1.45749493045798,"ili perc","quantile","hhs1"
"HHS Region 1",2018-03-10,2018-03-17,1,"10%",0.1,1.5672316109826,"ili perc","quantile","hhs1"
"HHS Region 1",2018-03-10,2018-03-17,1,"15%",0.15,1.65130887872693,"ili perc","quantile","hhs1"
"HHS Region 1",2018-03-10,2018-03-17,1,"20%",0.2,1.7336781758386,"ili perc","quantile","hhs1"
"HHS Region 1",2018-03-10,2018-03-17,1,"25%",0.25,1.82466254418887,"ili perc","quantile","hhs1"
"HHS Region 1",2018-03-10,2018-03-17,1,"30%",0.3,1.82466254418887,"ili perc","quantile","hhs1"
"HHS Region 1",2018-03-10,2018-03-17,1,"35%",0.35,1.82466254418887,"ili perc","quantile","hhs1"
"HHS Region 1",2018-03-10,2018-03-17,1,"40%",0.4,1.90217985940048,"ili perc","quantile","hhs1"
"HHS Region 1",2018-03-10,2018-03-17,1,"45%",0.45,2.01737671774995,"ili perc","quantile","hhs1"
"HHS Region 1",2018-03-10,2018-03-17,1,"50%",0.5,49.4499793956087,"ili perc","quantile","hhs1"
"HHS Region 1",2018-03-10,2018-03-17,1,"55%",0.55,49.4499793956087,"ili perc","quantile","hhs1"
"HHS Region 1",2018-03-10,2018-03-17,1,"60%",0.6,49.4499793956087,"ili perc","quantile","hhs1"
"HHS Region 1",2018-03-10,2018-03-17,1,"65%",0.65,49.4499793956087,"ili perc","quantile","hhs1"
"HHS Region 1",2018-03-10,2018-03-17,1,"70%",0.7,49.4499793956087,"ili perc","quantile","hhs1"
"HHS Region 1",2018-03-10,2018-03-17,1,"75%",0.75,49.4499793956087,"ili perc","quantile","hhs1"
"HHS Region 1",2018-03-10,2018-03-17,1,"80%",0.8,49.4499793956087,"ili perc","quantile","hhs1"
"HHS Region 1",2018-03-10,2018-03-17,1,"85%",0.85,49.4499793956087,"ili perc","quantile","hhs1"
"HHS Region 1",2018-03-10,2018-03-17,1,"90%",0.9,49.4499793956087,"ili perc","quantile","hhs1"
"HHS Region 1",2018-03-10,2018-03-17,1,"95%",0.95,49.4499793956087,"ili perc","quantile","hhs1"
"HHS Region 1",2018-03-10,2018-03-17,1,"97.5%",0.975,49.4499793956087,"ili perc","quantile","hhs1"
"HHS Region 1",2018-03-10,2018-03-17,1,"99%",0.99,49.4499793956087,"ili perc","quantile","hhs1"
"HHS Region 1",2018-03-10,2018-03-24,2,"1%",0.01,1.40823953968086,"ili perc","quantile","hhs1"
"HHS Region 1",2018-03-10,2018-03-24,2,"2.5%",0.025,1.40985792699148,"ili perc","quantile","hhs1"
"HHS Region 1",2018-03-10,2018-03-24,2,"5%",0.05,1.43813724994236,"ili perc","quantile","hhs1"
"HHS Region 1",2018-03-10,2018-03-24,2,"10%",0.1,1.52890824384671,"ili perc","quantile","hhs1"
"HHS Region 1",2018-03-10,2018-03-24,2,"15%",0.15,1.60627091087116,"ili perc","quantile","hhs1"
"HHS Region 1",2018-03-10,2018-03-24,2,"20%",0.2,1.69137440402611,"ili perc","quantile","hhs1"
"HHS Region 1",2018-03-10,2018-03-24,2,"25%",0.25,1.78319489553237,"ili perc","quantile","hhs1"
"HHS Region 1",2018-03-10,2018-03-24,2,"30%",0.3,1.78319489553237,"ili perc","quantile","hhs1"
"HHS Region 1",2018-03-10,2018-03-24,2,"35%",0.35,1.79359912684121,"ili perc","quantile","hhs1"
"HHS Region 1",2018-03-10,2018-03-24,2,"40%",0.4,1.8735657495205,"ili perc","quantile","hhs1"
"HHS Region 1",2018-03-10,2018-03-24,2,"45%",0.45,1.98904574584677,"ili perc","quantile","hhs1"
"HHS Region 1",2018-03-10,2018-03-24,2,"50%",0.5,55.3707490540252,"ili perc","quantile","hhs1"
"HHS Region 1",2018-03-10,2018-03-24,2,"55%",0.55,55.3707490540252,"ili perc","quantile","hhs1"
"HHS Region 1",2018-03-10,2018-03-24,2,"60%",0.6,55.3707490540252,"ili perc","quantile","hhs1"
"HHS Region 1",2018-03-10,2018-03-24,2,"65%",0.65,55.3707490540252,"ili perc","quantile","hhs1"
"HHS Region 1",2018-03-10,2018-03-24,2,"70%",0.7,55.3707490540252,"ili perc","quantile","hhs1"
"HHS Region 1",2018-03-10,2018-03-24,2,"75%",0.75,55.3707490540252,"ili perc","quantile","hhs1"
"HHS Region 1",2018-03-10,2018-03-24,2,"80%",0.8,55.3707490540252,"ili perc","quantile","hhs1"
"HHS Region 1",2018-03-10,2018-03-24,2,"85%",0.85,55.3707490540252,"ili perc","quantile","hhs1"
"HHS Region 1",2018-03-10,2018-03-24,2,"90%",0.9,55.3707490540252,"ili perc","quantile","hhs1"
"HHS Region 1",2018-03-10,2018-03-24,2,"95%",0.95,55.3707490540252,"ili perc","quantile","hhs1"
"HHS Region 1",2018-03-10,2018-03-24,2,"97.5%",0.975,55.3707490540252,"ili perc","quantile","hhs1"
"HHS Region 1",2018-03-10,2018-03-24,2,"99%",0.99,55.3707490540252,"ili perc","quantile","hhs1"
"HHS Region 1",2018-03-10,2018-03-31,3,"1%",0.01,1.39697079812274,"ili perc","quantile","hhs1"
"HHS Region 1",2018-03-10,2018-03-31,3,"2.5%",0.025,1.41037054246556,"ili perc","quantile","hhs1"
"HHS Region 1",2018-03-10,2018-03-31,3,"5%",0.05,1.4185619157923,"ili perc","quantile","hhs1"
"HHS Region 1",2018-03-10,2018-03-31,3,"10%",0.1,1.49041049632643,"ili perc","quantile","hhs1"
"HHS Region 1",2018-03-10,2018-03-31,3,"15%",0.15,1.56107704195846,"ili perc","quantile","hhs1"
"HHS Region 1",2018-03-10,2018-03-31,3,"20%",0.2,1.64887148815713,"ili perc","quantile","hhs1"
"HHS Region 1",2018-03-10,2018-03-31,3,"25%",0.25,1.73946344230236,"ili perc","quantile","hhs1"
"HHS Region 1",2018-03-10,2018-03-31,3,"30%",0.3,1.74045298035321,"ili perc","quantile","hhs1"
"HHS Region 1",2018-03-10,2018-03-31,3,"35%",0.35,1.76561692682822,"ili perc","quantile","hhs1"
"HHS Region 1",2018-03-10,2018-03-31,3,"40%",0.4,1.84481623009578,"ili perc","quantile","hhs1"
"HHS Region 1",2018-03-10,2018-03-31,3,"45%",0.45,1.96059775825543,"ili perc","quantile","hhs1"
"HHS Region 1",2018-03-10,2018-03-31,3,"50%",0.5,60.6519594309728,"ili perc","quantile","hhs1"
"HHS Region 1",2018-03-10,2018-03-31,3,"55%",0.55,60.6519594309728,"ili perc","quantile","hhs1"
"HHS Region 1",2018-03-10,2018-03-31,3,"60%",0.6,60.6519594309728,"ili perc","quantile","hhs1"
"HHS Region 1",2018-03-10,2018-03-31,3,"65%",0.65,60.6519594309728,"ili perc","quantile","hhs1"
"HHS Region 1",2018-03-10,2018-03-31,3,"70%",0.7,60.6519594309728,"ili perc","quantile","hhs1"
"HHS Region 1",2018-03-10,2018-03-31,3,"75%",0.75,60.6519594309728,"ili perc","quantile","hhs1"
"HHS Region 1",2018-03-10,2018-03-31,3,"80%",0.8,60.6519594309728,"ili perc","quantile","hhs1"
"HHS Region 1",2018-03-10,2018-03-31,3,"85%",0.85,60.6519594309728,"ili perc","quantile","hhs1"
"HHS Region 1",2018-03-10,2018-03-31,3,"90%",0.9,60.6519594309728,"ili perc","quantile","hhs1"
"HHS Region 1",2018-03-10,2018-03-31,3,"95%",0.95,60.6519594309728,"ili perc","quantile","hhs1"
"HHS Region 1",2018-03-10,2018-03-31,3,"97.5%",0.975,60.6519594309728,"ili perc","quantile","hhs1"
"HHS Region 1",2018-03-10,2018-03-31,3,"99%",0.99,60.6519594309728,"ili perc","quantile","hhs1"
"HHS Region 1",2018-03-10,2018-04-07,4,"1%",0.01,1.39038026099227,"ili perc","quantile","hhs1"
"HHS Region 1",2018-03-10,2018-04-07,4,"2.5%",0.025,1.40929302848127,"ili perc","quantile","hhs1"
"HHS Region 1",2018-03-10,2018-04-07,4,"5%",0.05,1.40929302848127,"ili perc","quantile","hhs1"
"HHS Region 1",2018-03-10,2018-04-07,4,"10%",0.1,1.45507710341883,"ili perc","quantile","hhs1"
"HHS Region 1",2018-03-10,2018-04-07,4,"15%",0.15,1.51871219667882,"ili perc","quantile","hhs1"
"HHS Region 1",2018-03-10,2018-04-07,4,"20%",0.2,1.60998229533345,"ili perc","quantile","hhs1"
"HHS Region 1",2018-03-10,2018-04-07,4,"25%",0.25,1.69788869563126,"ili perc","quantile","hhs1"
"HHS Region 1",2018-03-10,2018-04-07,4,"30%",0.3,1.7014063443044,"ili perc","quantile","hhs1"
"HHS Region 1",2018-03-10,2018-04-07,4,"35%",0.35,1.74007293564888,"ili perc","quantile","hhs1"
"HHS Region 1",2018-03-10,2018-04-07,4,"40%",0.4,1.81852388966513,"ili perc","quantile","hhs1"
"HHS Region 1",2018-03-10,2018-04-07,4,"45%",0.45,1.93427316965682,"ili perc","quantile","hhs1"
"HHS Region 1",2018-03-10,2018-04-07,4,"50%",0.5,77.5387891524705,"ili perc","quantile","hhs1"
"HHS Region 1",2018-03-10,2018-04-07,4,"55%",0.55,77.5387891524705,"ili perc","quantile","hhs1"
"HHS Region 1",2018-03-10,2018-04-07,4,"60%",0.6,77.5387891524705,"ili perc","quantile","hhs1"
"HHS Region 1",2018-03-10,2018-04-07,4,"65%",0.65,77.5387891524705,"ili perc","quantile","hhs1"
"HHS Region 1",2018-03-10,2018-04-07,4,"70%",0.7,77.5387891524705,"ili perc","quantile","hhs1"
"HHS Region 1",2018-03-10,2018-04-07,4,"75%",0.75,77.5387891524705,"ili perc","quantile","hhs1"
"HHS Region 1",2018-03-10,2018-04-07,4,"80%",0.8,77.5387891524705,"ili perc","quantile","hhs1"
"HHS Region 1",2018-03-10,2018-04-07,4,"85%",0.85,77.5387891524705,"ili perc","quantile","hhs1"
"HHS Region 1",2018-03-10,2018-04-07,4,"90%",0.9,77.5387891524705,"ili perc","quantile","hhs1"
"HHS Region 1",2018-03-10,2018-04-07,4,"95%",0.95,77.5387891524705,"ili perc","quantile","hhs1"
"HHS Region 1",2018-03-10,2018-04-07,4,"97.5%",0.975,77.5387891524705,"ili perc","quantile","hhs1"
"HHS Region 1",2018-03-10,2018-04-07,4,"99%",0.99,77.5387891524705,"ili perc","quantile","hhs1"
"HHS Region 10",2018-03-10,2018-03-17,1,"1%",0.01,0.822637397814272,"ili perc","quantile","hhs10"
"HHS Region 10",2018-03-10,2018-03-17,1,"2.5%",0.025,0.822637397814272,"ili perc","quantile","hhs10"
"HHS Region 10",2018-03-10,2018-03-17,1,"5%",0.05,1.00424177530996,"ili perc","quantile","hhs10"
"HHS Region 10",2018-03-10,2018-03-17,1,"10%",0.1,1.16210608365339,"ili perc","quantile","hhs10"
"HHS Region 10",2018-03-10,2018-03-17,1,"15%",0.15,1.24239509324526,"ili perc","quantile","hhs10"
"HHS Region 10",2018-03-10,2018-03-17,1,"20%",0.2,1.32022537932928,"ili perc","quantile","hhs10"
"HHS Region 10",2018-03-10,2018-03-17,1,"25%",0.25,1.38611760575669,"ili perc","quantile","hhs10"
"HHS Region 10",2018-03-10,2018-03-17,1,"30%",0.3,1.42896279014023,"ili perc","quantile","hhs10"
"HHS Region 10",2018-03-10,2018-03-17,1,"35%",0.35,1.43659441828301,"ili perc","quantile","hhs10"
"HHS Region 10",2018-03-10,2018-03-17,1,"40%",0.4,1.52504485498604,"ili perc","quantile","hhs10"
"HHS Region 10",2018-03-10,2018-03-17,1,"45%",0.45,1.59261605370401,"ili perc","quantile","hhs10"
"HHS Region 10",2018-03-10,2018-03-17,1,"50%",0.5,36.3826791490329,"ili perc","quantile","hhs10"
"HHS Region 10",2018-03-10,2018-03-17,1,"55%",0.55,36.3826791490329,"ili perc","quantile","hhs10"
"HHS Region 10",2018-03-10,2018-03-17,1,"60%",0.6,36.3826791490329,"ili perc","quantile","hhs10"
"HHS Region 10",2018-03-10,2018-03-17,1,"65%",0.65,36.3826791490329,"ili perc","quantile","hhs10"
"HHS Region 10",2018-03-10,2018-03-17,1,"70%",0.7,36.3826791490329,"ili perc","quantile","hhs10"
"HHS Region 10",2018-03-10,2018-03-17,1,"75%",0.75,36.3826791490329,"ili perc","quantile","hhs10"
"HHS Region 10",2018-03-10,2018-03-17,1,"80%",0.8,36.3826791490329,"ili perc","quantile","hhs10"
"HHS Region 10",2018-03-10,2018-03-17,1,"85%",0.85,36.3826791490329,"ili perc","quantile","hhs10"
"HHS Region 10",2018-03-10,2018-03-17,1,"90%",0.9,36.3826791490329,"ili perc","quantile","hhs10"
"HHS Region 10",2018-03-10,2018-03-17,1,"95%",0.95,36.3826791490329,"ili perc","quantile","hhs10"
"HHS Region 10",2018-03-10,2018-03-17,1,"97.5%",0.975,36.3826791490329,"ili perc","quantile","hhs10"
"HHS Region 10",2018-03-10,2018-03-17,1,"99%",0.99,36.3826791490329,"ili perc","quantile","hhs10"
"HHS Region 10",2018-03-10,2018-03-24,2,"1%",0.01,0.813572386463548,"ili perc","quantile","hhs10"
"HHS Region 10",2018-03-10,2018-03-24,2,"2.5%",0.025,0.819685561320362,"ili perc","quantile","hhs10"
"HHS Region 10",2018-03-10,2018-03-24,2,"5%",0.05,0.984139242305766,"ili perc","quantile","hhs10"
"HHS Region 10",2018-03-10,2018-03-24,2,"10%",0.1,1.12318595339148,"ili perc","quantile","hhs10"
"HHS Region 10",2018-03-10,2018-03-24,2,"15%",0.15,1.19682360206687,"ili perc","quantile","hhs10"
"HHS Region 10",2018-03-10,2018-03-24,2,"20%",0.2,1.27724009835454,"ili perc","quantile","hhs10"
"HHS Region 10",2018-03-10,2018-03-24,2,"25%",0.25,1.34107221203194,"ili perc","quantile","hhs10"
"HHS Region 10",2018-03-10,2018-03-24,2,"30%",0.3,1.38675368373639,"ili perc","quantile","hhs10"
"HHS Region 10",2018-03-10,2018-03-24,2,"35%",0.35,1.40828676254274,"ili perc","quantile","hhs10"
"HHS Region 10",2018-03-10,2018-03-24,2,"40%",0.4,1.49596734766893,"ili perc","quantile","hhs10"
"HHS Region 10",2018-03-10,2018-03-24,2,"45%",0.45,1.56388463166935,"ili perc","quantile","hhs10"
"HHS Region 10",2018-03-10,2018-03-24,2,"50%",0.5,40.1147542623373,"ili perc","quantile","hhs10"
"HHS Region 10",2018-03-10,2018-03-24,2,"55%",0.55,40.1147542623373,"ili perc","quantile","hhs10"
"HHS Region 10",2018-03-10,2018-03-24,2,"60%",0.6,40.1147542623373,"ili perc","quantile","hhs10"
"HHS Region 10",2018-03-10,2018-03-24,2,"65%",0.65,40.1147542623373,"ili perc","quantile","hhs10"
"HHS Region 10",2018-03-10,2018-03-24,2,"70%",0.7,40.1147542623373,"ili perc","quantile","hhs10"
"HHS Region 10",2018-03-10,2018-03-24,2,"75%",0.75,40.1147542623373,"ili perc","quantile","hhs10"
"HHS Region 10",2018-03-10,2018-03-24,2,"80%",0.8,40.1147542623373,"ili perc","quantile","hhs10"
"HHS Region 10",2018-03-10,2018-03-24,2,"85%",0.85,40.1147542623373,"ili perc","quantile","hhs10"
"HHS Region 10",2018-03-10,2018-03-24,2,"90%",0.9,40.1147542623373,"ili perc","quantile","hhs10"
"HHS Region 10",2018-03-10,2018-03-24,2,"95%",0.95,40.1147542623373,"ili perc","quantile","hhs10"
"HHS Region 10",2018-03-10,2018-03-24,2,"97.5%",0.975,40.1147542623373,"ili perc","quantile","hhs10"
"HHS Region 10",2018-03-10,2018-03-24,2,"99%",0.99,40.1147542623373,"ili perc","quantile","hhs10"
"HHS Region 10",2018-03-10,2018-03-31,3,"1%",0.01,0.801386509817945,"ili perc","quantile","hhs10"
"HHS Region 10",2018-03-10,2018-03-31,3,"2.5%",0.025,0.819263689831295,"ili perc","quantile","hhs10"
"HHS Region 10",2018-03-10,2018-03-31,3,"5%",0.05,0.963789611198273,"ili perc","quantile","hhs10"
"HHS Region 10",2018-03-10,2018-03-31,3,"10%",0.1,1.08406785233826,"ili perc","quantile","hhs10"
"HHS Region 10",2018-03-10,2018-03-31,3,"15%",0.15,1.15107511933229,"ili perc","quantile","hhs10"
"HHS Region 10",2018-03-10,2018-03-31,3,"20%",0.2,1.2340287328544,"ili perc","quantile","hhs10"
"HHS Region 10",2018-03-10,2018-03-31,3,"25%",0.25,1.29583525514668,"ili perc","quantile","hhs10"
"HHS Region 10",2018-03-10,2018-03-31,3,"30%",0.3,1.34437002405563,"ili perc","quantile","hhs10"
"HHS Region 10",2018-03-10,2018-03-31,3,"35%",0.35,1.37982656570286,"ili perc","quantile","hhs10"
"HHS Region 10",2018-03-10,2018-03-31,3,"40%",0.4,1.46673611242642,"ili perc","quantile","hhs10"
"HHS Region 10",2018-03-10,2018-03-31,3,"45%",0.45,1.53502036391091,"ili perc","quantile","hhs10"
"HHS Region 10",2018-03-10,2018-03-31,3,"50%",0.5,43.1207496765143,"ili perc","quantile","hhs10"
"HHS Region 10",2018-03-10,2018-03-31,3,"55%",0.55,43.1207496765143,"ili perc","quantile","hhs10"
"HHS Region 10",2018-03-10,2018-03-31,3,"60%",0.6,43.1207496765143,"ili perc","quantile","hhs10"
"HHS Region 10",2018-03-10,2018-03-31,3,"65%",0.65,43.1207496765143,"ili perc","quantile","hhs10"
"HHS Region 10",2018-03-10,2018-03-31,3,"70%",0.7,43.1207496765143,"ili perc","quantile","hhs10"
"HHS Region 10",2018-03-10,2018-03-31,3,"75%",0.75,43.1207496765143,"ili perc","quantile","hhs10"
"HHS Region 10",2018-03-10,2018-03-31,3,"80%",0.8,43.1207496765143,"ili perc","quantile","hhs10"
"HHS Region 10",2018-03-10,2018-03-31,3,"85%",0.85,43.1207496765143,"ili perc","quantile","hhs10"
"HHS Region 10",2018-03-10,2018-03-31,3,"90%",0.9,43.1207496765143,"ili perc","quantile","hhs10"
"HHS Region 10",2018-03-10,2018-03-31,3,"95%",0.95,43.1207496765143,"ili perc","quantile","hhs10"
"HHS Region 10",2018-03-10,2018-03-31,3,"97.5%",0.975,43.1207496765143,"ili perc","quantile","hhs10"
"HHS Region 10",2018-03-10,2018-03-31,3,"99%",0.99,43.1207496765143,"ili perc","quantile","hhs10"
"HHS Region 10",2018-03-10,2018-04-07,4,"1%",0.01,0.782211637801321,"ili perc","quantile","hhs10"
"HHS Region 10",2018-03-10,2018-04-07,4,"2.5%",0.025,0.811720593618606,"ili perc","quantile","hhs10"
"HHS Region 10",2018-03-10,2018-04-07,4,"5%",0.05,0.937539477618177,"ili perc","quantile","hhs10"
"HHS Region 10",2018-03-10,2018-04-07,4,"10%",0.1,1.04022236921313,"ili perc","quantile","hhs10"
"HHS Region 10",2018-03-10,2018-04-07,4,"15%",0.15,1.10110022165976,"ili perc","quantile","hhs10"
"HHS Region 10",2018-03-10,2018-04-07,4,"20%",0.2,1.18541865209365,"ili perc","quantile","hhs10"
"HHS Region 10",2018-03-10,2018-04-07,4,"25%",0.25,1.24602392522019,"ili perc","quantile","hhs10"
"HHS Region 10",2018-03-10,2018-04-07,4,"30%",0.3,1.29781817357007,"ili perc","quantile","hhs10"
"HHS Region 10",2018-03-10,2018-04-07,4,"35%",0.35,1.34772381101513,"ili perc","quantile","hhs10"
"HHS Region 10",2018-03-10,2018-04-07,4,"40%",0.4,1.43383397889791,"ili perc","quantile","hhs10"
"HHS Region 10",2018-03-10,2018-04-07,4,"45%",0.45,1.50298384791913,"ili perc","quantile","hhs10"
"HHS Region 10",2018-03-10,2018-04-07,4,"50%",0.5,28.7885502488773,"ili perc","quantile","hhs10"
"HHS Region 10",2018-03-10,2018-04-07,4,"55%",0.55,28.7885502488773,"ili perc","quantile","hhs10"
"HHS Region 10",2018-03-10,2018-04-07,4,"60%",0.6,28.7885502488773,"ili perc","quantile","hhs10"
"HHS Region 10",2018-03-10,2018-04-07,4,"65%",0.65,28.7885502488773,"ili perc","quantile","hhs10"
"HHS Region 10",2018-03-10,2018-04-07,4,"70%",0.7,28.7885502488773,"ili perc","quantile","hhs10"
"HHS Region 10",2018-03-10,2018-04-07,4,"75%",0.75,28.7885502488773,"ili perc","quantile","hhs10"
"HHS Region 10",2018-03-10,2018-04-07,4,"80%",0.8,28.7885502488773,"ili perc","quantile","hhs10"
"HHS Region 10",2018-03-10,2018-04-07,4,"85%",0.85,28.7885502488773,"ili perc","quantile","hhs10"
"HHS Region 10",2018-03-10,2018-04-07,4,"90%",0.9,28.7885502488773,"ili perc","quantile","hhs10"
"HHS Region 10",2018-03-10,2018-04-07,4,"95%",0.95,28.7885502488773,"ili perc","quantile","hhs10"
"HHS Region 10",2018-03-10,2018-04-07,4,"97.5%",0.975,28.7885502488773,"ili perc","quantile","hhs10"
"HHS Region 10",2018-03-10,2018-04-07,4,"99%",0.99,28.7885502488773,"ili perc","quantile","hhs10"
"HHS Region 2",2018-03-10,2018-03-17,1,"1%",0.01,2.32763813765238,"ili perc","quantile","hhs2"
"HHS Region 2",2018-03-10,2018-03-17,1,"2.5%",0.025,2.32763813765238,"ili perc","quantile","hhs2"
"HHS Region 2",2018-03-10,2018-03-17,1,"5%",0.05,2.32763813765238,"ili perc","quantile","hhs2"
"HHS Region 2",2018-03-10,2018-03-17,1,"10%",0.1,2.4703335223378,"ili perc","quantile","hhs2"
"HHS Region 2",2018-03-10,2018-03-17,1,"15%",0.15,2.57866056898172,"ili perc","quantile","hhs2"
"HHS Region 2",2018-03-10,2018-03-17,1,"20%",0.2,2.72557910818773,"ili perc","quantile","hhs2"
"HHS Region 2",2018-03-10,2018-03-17,1,"25%",0.25,2.82019461808932,"ili perc","quantile","hhs2"
"HHS Region 2",2018-03-10,2018-03-17,1,"30%",0.3,2.82019461808932,"ili perc","quantile","hhs2"
"HHS Region 2",2018-03-10,2018-03-17,1,"35%",0.35,2.91046629982986,"ili perc","quantile","hhs2"
"HHS Region 2",2018-03-10,2018-03-17,1,"40%",0.4,3.05921025436419,"ili perc","quantile","hhs2"
"HHS Region 2",2018-03-10,2018-03-17,1,"45%",0.45,3.32087313861086,"ili perc","quantile","hhs2"
"HHS Region 2",2018-03-10,2018-03-17,1,"50%",0.5,582.429344884235,"ili perc","quantile","hhs2"
"HHS Region 2",2018-03-10,2018-03-17,1,"55%",0.55,582.429344884235,"ili perc","quantile","hhs2"
"HHS Region 2",2018-03-10,2018-03-17,1,"60%",0.6,582.429344884235,"ili perc","quantile","hhs2"
"HHS Region 2",2018-03-10,2018-03-17,1,"65%",0.65,582.429344884235,"ili perc","quantile","hhs2"
"HHS Region 2",2018-03-10,2018-03-17,1,"70%",0.7,582.429344884235,"ili perc","quantile","hhs2"
"HHS Region 2",2018-03-10,2018-03-17,1,"75%",0.75,582.429344884235,"ili perc","quantile","hhs2"
"HHS Region 2",2018-03-10,2018-03-17,1,"80%",0.8,582.429344884235,"ili perc","quantile","hhs2"
"HHS Region 2",2018-03-10,2018-03-17,1,"85%",0.85,582.429344884235,"ili perc","quantile","hhs2"
"HHS Region 2",2018-03-10,2018-03-17,1,"90%",0.9,582.429344884235,"ili perc","quantile","hhs2"
"HHS Region 2",2018-03-10,2018-03-17,1,"95%",0.95,582.429344884235,"ili perc","quantile","hhs2"
"HHS Region 2",2018-03-10,2018-03-17,1,"97.5%",0.975,582.429344884235,"ili perc","quantile","hhs2"
"HHS Region 2",2018-03-10,2018-03-17,1,"99%",0.99,582.429344884235,"ili perc","quantile","hhs2"
"HHS Region 2",2018-03-10,2018-03-24,2,"1%",0.01,2.32500133949774,"ili perc","quantile","hhs2"
"HHS Region 2",2018-03-10,2018-03-24,2,"2.5%",0.025,2.32500133949774,"ili perc","quantile","hhs2"
"HHS Region 2",2018-03-10,2018-03-24,2,"5%",0.05,2.32500133949774,"ili perc","quantile","hhs2"
"HHS Region 2",2018-03-10,2018-03-24,2,"10%",0.1,2.4371325822666,"ili perc","quantile","hhs2"
"HHS Region 2",2018-03-10,2018-03-24,2,"15%",0.15,2.53820219759939,"ili perc","quantile","hhs2"
"HHS Region 2",2018-03-10,2018-03-24,2,"20%",0.2,2.68912519677258,"ili perc","quantile","hhs2"
"HHS Region 2",2018-03-10,2018-03-24,2,"25%",0.25,2.78185574800244,"ili perc","quantile","hhs2"
"HHS Region 2",2018-03-10,2018-03-24,2,"30%",0.3,2.78185574800244,"ili perc","quantile","hhs2"
"HHS Region 2",2018-03-10,2018-03-24,2,"35%",0.35,2.886565413163,"ili perc","quantile","hhs2"
"HHS Region 2",2018-03-10,2018-03-24,2,"40%",0.4,3.03457380240275,"ili perc","quantile","hhs2"
"HHS Region 2",2018-03-10,2018-03-24,2,"45%",0.45,3.29597950474363,"ili perc","quantile","hhs2"
"HHS Region 2",2018-03-10,2018-03-24,2,"50%",0.5,607.13718044075,"ili perc","quantile","hhs2"
"HHS Region 2",2018-03-10,2018-03-24,2,"55%",0.55,607.13718044075,"ili perc","quantile","hhs2"
"HHS Region 2",2018-03-10,2018-03-24,2,"60%",0.6,607.13718044075,"ili perc","quantile","hhs2"
"HHS Region 2",2018-03-10,2018-03-24,2,"65%",0.65,607.13718044075,"ili perc","quantile","hhs2"
"HHS Region 2",2018-03-10,2018-03-24,2,"70%",0.7,607.13718044075,"ili perc","quantile","hhs2"
"HHS Region 2",2018-03-10,2018-03-24,2,"75%",0.75,607.13718044075,"ili perc","quantile","hhs2"
"HHS Region 2",2018-03-10,2018-03-24,2,"80%",0.8,607.13718044075,"ili perc","quantile","hhs2"
"HHS Region 2",2018-03-10,2018-03-24,2,"85%",0.85,607.13718044075,"ili perc","quantile","hhs2"
"HHS Region 2",2018-03-10,2018-03-24,2,"90%",0.9,607.13718044075,"ili perc","quantile","hhs2"
"HHS Region 2",2018-03-10,2018-03-24,2,"95%",0.95,607.13718044075,"ili perc","quantile","hhs2"
"HHS Region 2",2018-03-10,2018-03-24,2,"97.5%",0.975,607.13718044075,"ili perc","quantile","hhs2"
"HHS Region 2",2018-03-10,2018-03-24,2,"99%",0.99,607.13718044075,"ili perc","quantile","hhs2"
"HHS Region 2",2018-03-10,2018-03-31,3,"1%",0.01,2.28376962408004,"ili perc","quantile","hhs2"
"HHS Region 2",2018-03-10,2018-03-31,3,"2.5%",0.025,2.28376962408004,"ili perc","quantile","hhs2"
"HHS Region 2",2018-03-10,2018-03-31,3,"5%",0.05,2.28376962408004,"ili perc","quantile","hhs2"
"HHS Region 2",2018-03-10,2018-03-31,3,"10%",0.1,2.37657836907033,"ili perc","quantile","hhs2"
"HHS Region 2",2018-03-10,2018-03-31,3,"15%",0.15,2.47328921679912,"ili perc","quantile","hhs2"
"HHS Region 2",2018-03-10,2018-03-31,3,"20%",0.2,2.62143358745152,"ili perc","quantile","hhs2"
"HHS Region 2",2018-03-10,2018-03-31,3,"25%",0.25,2.71822404849604,"ili perc","quantile","hhs2"
"HHS Region 2",2018-03-10,2018-03-31,3,"30%",0.3,2.71822404849604,"ili perc","quantile","hhs2"
"HHS Region 2",2018-03-10,2018-03-31,3,"35%",0.35,2.84158819330139,"ili perc","quantile","hhs2"
"HHS Region 2",2018-03-10,2018-03-31,3,"40%",0.4,2.98869703563184,"ili perc","quantile","hhs2"
"HHS Region 2",2018-03-10,2018-03-31,3,"45%",0.45,3.25273081282796,"ili perc","quantile","hhs2"
"HHS Region 2",2018-03-10,2018-03-31,3,"50%",0.5,531.523871696251,"ili perc","quantile","hhs2"
"HHS Region 2",2018-03-10,2018-03-31,3,"55%",0.55,531.523871696251,"ili perc","quantile","hhs2"
"HHS Region 2",2018-03-10,2018-03-31,3,"60%",0.6,531.523871696251,"ili perc","quantile","hhs2"
"HHS Region 2",2018-03-10,2018-03-31,3,"65%",0.65,531.523871696251,"ili perc","quantile","hhs2"
"HHS Region 2",2018-03-10,2018-03-31,3,"70%",0.7,531.523871696251,"ili perc","quantile","hhs2"
"HHS Region 2",2018-03-10,2018-03-31,3,"75%",0.75,531.523871696251,"ili perc","quantile","hhs2"
"HHS Region 2",2018-03-10,2018-03-31,3,"80%",0.8,531.523871696251,"ili perc","quantile","hhs2"
"HHS Region 2",2018-03-10,2018-03-31,3,"85%",0.85,531.523871696251,"ili perc","quantile","hhs2"
"HHS Region 2",2018-03-10,2018-03-31,3,"90%",0.9,531.523871696251,"ili perc","quantile","hhs2"
"HHS Region 2",2018-03-10,2018-03-31,3,"95%",0.95,531.523871696251,"ili perc","quantile","hhs2"
"HHS Region 2",2018-03-10,2018-03-31,3,"97.5%",0.975,531.523871696251,"ili perc","quantile","hhs2"
"HHS Region 2",2018-03-10,2018-03-31,3,"99%",0.99,531.523871696251,"ili perc","quantile","hhs2"
"HHS Region 2",2018-03-10,2018-04-07,4,"1%",0.01,2.25586933521919,"ili perc","quantile","hhs2"
"HHS Region 2",2018-03-10,2018-04-07,4,"2.5%",0.025,2.25586933521919,"ili perc","quantile","hhs2"
"HHS Region 2",2018-03-10,2018-04-07,4,"5%",0.05,2.25586933521919,"ili perc","quantile","hhs2"
"HHS Region 2",2018-03-10,2018-04-07,4,"10%",0.1,2.32547250238235,"ili perc","quantile","hhs2"
"HHS Region 2",2018-03-10,2018-04-07,4,"15%",0.15,2.41682332832465,"ili perc","quantile","hhs2"
"HHS Region 2",2018-03-10,2018-04-07,4,"20%",0.2,2.56453207965097,"ili perc","quantile","hhs2"
"HHS Region 2",2018-03-10,2018-04-07,4,"25%",0.25,2.66332897862193,"ili perc","quantile","hhs2"
"HHS Region 2",2018-03-10,2018-04-07,4,"30%",0.3,2.66332897862193,"ili perc","quantile","hhs2"
"HHS Region 2",2018-03-10,2018-04-07,4,"35%",0.35,2.80389114419802,"ili perc","quantile","hhs2"
"HHS Region 2",2018-03-10,2018-04-07,4,"40%",0.4,2.95015708202197,"ili perc","quantile","hhs2"
"HHS Region 2",2018-03-10,2018-04-07,4,"45%",0.45,3.21582231090815,"ili perc","quantile","hhs2"
"HHS Region 2",2018-03-10,2018-04-07,4,"50%",0.5,490.563415249193,"ili perc","quantile","hhs2"
"HHS Region 2",2018-03-10,2018-04-07,4,"55%",0.55,490.563415249193,"ili perc","quantile","hhs2"
"HHS Region 2",2018-03-10,2018-04-07,4,"60%",0.6,490.563415249193,"ili perc","quantile","hhs2"
"HHS Region 2",2018-03-10,2018-04-07,4,"65%",0.65,490.563415249193,"ili perc","quantile","hhs2"
"HHS Region 2",2018-03-10,2018-04-07,4,"70%",0.7,490.563415249193,"ili perc","quantile","hhs2"
"HHS Region 2",2018-03-10,2018-04-07,4,"75%",0.75,490.563415249193,"ili perc","quantile","hhs2"
"HHS Region 2",2018-03-10,2018-04-07,4,"80%",0.8,490.563415249193,"ili perc","quantile","hhs2"
"HHS Region 2",2018-03-10,2018-04-07,4,"85%",0.85,490.563415249193,"ili perc","quantile","hhs2"
"HHS Region 2",2018-03-10,2018-04-07,4,"90%",0.9,490.563415249193,"ili perc","quantile","hhs2"
"HHS Region 2",2018-03-10,2018-04-07,4,"95%",0.95,490.563415249193,"ili perc","quantile","hhs2"
"HHS Region 2",2018-03-10,2018-04-07,4,"97.5%",0.975,490.563415249193,"ili perc","quantile","hhs2"
"HHS Region 2",2018-03-10,2018-04-07,4,"99%",0.99,490.563415249193,"ili perc","quantile","hhs2"
"HHS Region 3",2018-03-10,2018-03-17,1,"1%",0.01,1.82779050200449,"ili perc","quantile","hhs3"
"HHS Region 3",2018-03-10,2018-03-17,1,"2.5%",0.025,1.87199681133794,"ili perc","quantile","hhs3"
"HHS Region 3",2018-03-10,2018-03-17,1,"5%",0.05,1.93792976987758,"ili perc","quantile","hhs3"
"HHS Region 3",2018-03-10,2018-03-17,1,"10%",0.1,2.09398722485534,"ili perc","quantile","hhs3"
"HHS Region 3",2018-03-10,2018-03-17,1,"15%",0.15,2.15106545263319,"ili perc","quantile","hhs3"
"HHS Region 3",2018-03-10,2018-03-17,1,"20%",0.2,2.24536829073377,"ili perc","quantile","hhs3"
"HHS Region 3",2018-03-10,2018-03-17,1,"25%",0.25,2.30041720450237,"ili perc","quantile","hhs3"
"HHS Region 3",2018-03-10,2018-03-17,1,"30%",0.3,2.30041720450237,"ili perc","quantile","hhs3"
"HHS Region 3",2018-03-10,2018-03-17,1,"35%",0.35,2.31982375904977,"ili perc","quantile","hhs3"
"HHS Region 3",2018-03-10,2018-03-17,1,"40%",0.4,2.42902686792266,"ili perc","quantile","hhs3"
"HHS Region 3",2018-03-10,2018-03-17,1,"45%",0.45,2.57564258924583,"ili perc","quantile","hhs3"
"HHS Region 3",2018-03-10,2018-03-17,1,"50%",0.5,68.3096265728816,"ili perc","quantile","hhs3"
"HHS Region 3",2018-03-10,2018-03-17,1,"55%",0.55,68.3096265728816,"ili perc","quantile","hhs3"
"HHS Region 3",2018-03-10,2018-03-17,1,"60%",0.6,68.3096265728816,"ili perc","quantile","hhs3"
"HHS Region 3",2018-03-10,2018-03-17,1,"65%",0.65,68.3096265728816,"ili perc","quantile","hhs3"
"HHS Region 3",2018-03-10,2018-03-17,1,"70%",0.7,68.3096265728816,"ili perc","quantile","hhs3"
"HHS Region 3",2018-03-10,2018-03-17,1,"75%",0.75,68.3096265728816,"ili perc","quantile","hhs3"
"HHS Region 3",2018-03-10,2018-03-17,1,"80%",0.8,68.3096265728816,"ili perc","quantile","hhs3"
"HHS Region 3",2018-03-10,2018-03-17,1,"85%",0.85,68.3096265728816,"ili perc","quantile","hhs3"
"HHS Region 3",2018-03-10,2018-03-17,1,"90%",0.9,68.3096265728816,"ili perc","quantile","hhs3"
"HHS Region 3",2018-03-10,2018-03-17,1,"95%",0.95,68.3096265728816,"ili perc","quantile","hhs3"
"HHS Region 3",2018-03-10,2018-03-17,1,"97.5%",0.975,68.3096265728816,"ili perc","quantile","hhs3"
"HHS Region 3",2018-03-10,2018-03-17,1,"99%",0.99,68.3096265728816,"ili perc","quantile","hhs3"
"HHS Region 3",2018-03-10,2018-03-24,2,"1%",0.01,1.80709203410129,"ili perc","quantile","hhs3"
"HHS Region 3",2018-03-10,2018-03-24,2,"2.5%",0.025,1.86290129333638,"ili perc","quantile","hhs3"
"HHS Region 3",2018-03-10,2018-03-24,2,"5%",0.05,1.91039333106779,"ili perc","quantile","hhs3"
"HHS Region 3",2018-03-10,2018-03-24,2,"10%",0.1,2.04911117589108,"ili perc","quantile","hhs3"
"HHS Region 3",2018-03-10,2018-03-24,2,"15%",0.15,2.10016919959089,"ili perc","quantile","hhs3"
"HHS Region 3",2018-03-10,2018-03-24,2,"20%",0.2,2.19558129398907,"ili perc","quantile","hhs3"
"HHS Region 3",2018-03-10,2018-03-24,2,"25%",0.25,2.25128267802963,"ili perc","quantile","hhs3"
"HHS Region 3",2018-03-10,2018-03-24,2,"30%",0.3,2.25128267802963,"ili perc","quantile","hhs3"
"HHS Region 3",2018-03-10,2018-03-24,2,"35%",0.35,2.28692692941144,"ili perc","quantile","hhs3"
"HHS Region 3",2018-03-10,2018-03-24,2,"40%",0.4,2.39532448124879,"ili perc","quantile","hhs3"
"HHS Region 3",2018-03-10,2018-03-24,2,"45%",0.45,2.54291452545601,"ili perc","quantile","hhs3"
"HHS Region 3",2018-03-10,2018-03-24,2,"50%",0.5,50.1977133323899,"ili perc","quantile","hhs3"
"HHS Region 3",2018-03-10,2018-03-24,2,"55%",0.55,50.1977133323899,"ili perc","quantile","hhs3"
"HHS Region 3",2018-03-10,2018-03-24,2,"60%",0.6,50.1977133323899,"ili perc","quantile","hhs3"
"HHS Region 3",2018-03-10,2018-03-24,2,"65%",0.65,50.1977133323899,"ili perc","quantile","hhs3"
"HHS Region 3",2018-03-10,2018-03-24,2,"70%",0.7,50.1977133323899,"ili perc","quantile","hhs3"
"HHS Region 3",2018-03-10,2018-03-24,2,"75%",0.75,50.1977133323899,"ili perc","quantile","hhs3"
"HHS Region 3",2018-03-10,2018-03-24,2,"80%",0.8,50.1977133323899,"ili perc","quantile","hhs3"
"HHS Region 3",2018-03-10,2018-03-24,2,"85%",0.85,50.1977133323899,"ili perc","quantile","hhs3"
"HHS Region 3",2018-03-10,2018-03-24,2,"90%",0.9,50.1977133323899,"ili perc","quantile","hhs3"
"HHS Region 3",2018-03-10,2018-03-24,2,"95%",0.95,50.1977133323899,"ili perc","quantile","hhs3"
"HHS Region 3",2018-03-10,2018-03-24,2,"97.5%",0.975,50.1977133323899,"ili perc","quantile","hhs3"
"HHS Region 3",2018-03-10,2018-03-24,2,"99%",0.99,50.1977133323899,"ili perc","quantile","hhs3"
"HHS Region 3",2018-03-10,2018-03-31,3,"1%",0.01,1.78746999199206,"ili perc","quantile","hhs3"
"HHS Region 3",2018-03-10,2018-03-31,3,"2.5%",0.025,1.85490256672905,"ili perc","quantile","hhs3"
"HHS Region 3",2018-03-10,2018-03-31,3,"5%",0.05,1.88376567137741,"ili perc","quantile","hhs3"
"HHS Region 3",2018-03-10,2018-03-31,3,"10%",0.1,2.00496322527718,"ili perc","quantile","hhs3"
"HHS Region 3",2018-03-10,2018-03-31,3,"15%",0.15,2.04992388732243,"ili perc","quantile","hhs3"
"HHS Region 3",2018-03-10,2018-03-31,3,"20%",0.2,2.14662579248115,"ili perc","quantile","hhs3"
"HHS Region 3",2018-03-10,2018-03-31,3,"25%",0.25,2.20282140434429,"ili perc","quantile","hhs3"
"HHS Region 3",2018-03-10,2018-03-31,3,"30%",0.3,2.20282140434429,"ili perc","quantile","hhs3"
"HHS Region 3",2018-03-10,2018-03-31,3,"35%",0.35,2.25459111648805,"ili perc","quantile","hhs3"
"HHS Region 3",2018-03-10,2018-03-31,3,"40%",0.4,2.36218747620594,"ili perc","quantile","hhs3"
"HHS Region 3",2018-03-10,2018-03-31,3,"45%",0.45,2.51067504259117,"ili perc","quantile","hhs3"
"HHS Region 3",2018-03-10,2018-03-31,3,"50%",0.5,34.7561810490889,"ili perc","quantile","hhs3"
"HHS Region 3",2018-03-10,2018-03-31,3,"55%",0.55,34.7561810490889,"ili perc","quantile","hhs3"
"HHS Region 3",2018-03-10,2018-03-31,3,"60%",0.6,34.7561810490889,"ili perc","quantile","hhs3"
"HHS Region 3",2018-03-10,2018-03-31,3,"65%",0.65,34.7561810490889,"ili perc","quantile","hhs3"
"HHS Region 3",2018-03-10,2018-03-31,3,"70%",0.7,34.7561810490889,"ili perc","quantile","hhs3"
"HHS Region 3",2018-03-10,2018-03-31,3,"75%",0.75,34.7561810490889,"ili perc","quantile","hhs3"
"HHS Region 3",2018-03-10,2018-03-31,3,"80%",0.8,34.7561810490889,"ili perc","quantile","hhs3"
"HHS Region 3",2018-03-10,2018-03-31,3,"85%",0.85,34.7561810490889,"ili perc","quantile","hhs3"
"HHS Region 3",2018-03-10,2018-03-31,3,"90%",0.9,34.7561810490889,"ili perc","quantile","hhs3"
"HHS Region 3",2018-03-10,2018-03-31,3,"95%",0.95,34.7561810490889,"ili perc","quantile","hhs3"
"HHS Region 3",2018-03-10,2018-03-31,3,"97.5%",0.975,34.7561810490889,"ili perc","quantile","hhs3"
"HHS Region 3",2018-03-10,2018-03-31,3,"99%",0.99,34.7561810490889,"ili perc","quantile","hhs3"
"HHS Region 3",2018-03-10,2018-04-07,4,"1%",0.01,1.77047827934279,"ili perc","quantile","hhs3"
"HHS Region 3",2018-03-10,2018-04-07,4,"2.5%",0.025,1.84958393449682,"ili perc","quantile","hhs3"
"HHS Region 3",2018-03-10,2018-04-07,4,"5%",0.05,1.85935868356597,"ili perc","quantile","hhs3"
"HHS Region 3",2018-03-10,2018-04-07,4,"10%",0.1,1.96259443914574,"ili perc","quantile","hhs3"
"HHS Region 3",2018-03-10,2018-04-07,4,"15%",0.15,2.00126919904656,"ili perc","quantile","hhs3"
"HHS Region 3",2018-03-10,2018-04-07,4,"20%",0.2,2.09970211372343,"ili perc","quantile","hhs3"
"HHS Region 3",2018-03-10,2018-04-07,4,"25%",0.25,2.15600527577774,"ili perc","quantile","hhs3"
"HHS Region 3",2018-03-10,2018-04-07,4,"30%",0.3,2.15600527577774,"ili perc","quantile","hhs3"
"HHS Region 3",2018-03-10,2018-04-07,4,"35%",0.35,2.22362619118272,"ili perc","quantile","hhs3"
"HHS Region 3",2018-03-10,2018-04-07,4,"40%",0.4,2.3304320247904,"ili perc","quantile","hhs3"
"HHS Region 3",2018-03-10,2018-04-07,4,"45%",0.45,2.47962944490431,"ili perc","quantile","hhs3"
"HHS Region 3",2018-03-10,2018-04-07,4,"50%",0.5,25.8399306202031,"ili perc","quantile","hhs3"
"HHS Region 3",2018-03-10,2018-04-07,4,"55%",0.55,25.8399306202031,"ili perc","quantile","hhs3"
"HHS Region 3",2018-03-10,2018-04-07,4,"60%",0.6,25.8399306202031,"ili perc","quantile","hhs3"
"HHS Region 3",2018-03-10,2018-04-07,4,"65%",0.65,25.8399306202031,"ili perc","quantile","hhs3"
"HHS Region 3",2018-03-10,2018-04-07,4,"70%",0.7,25.8399306202031,"ili perc","quantile","hhs3"
"HHS Region 3",2018-03-10,2018-04-07,4,"75%",0.75,25.8399306202031,"ili perc","quantile","hhs3"
"HHS Region 3",2018-03-10,2018-04-07,4,"80%",0.8,25.8399306202031,"ili perc","quantile","hhs3"
"HHS Region 3",2018-03-10,2018-04-07,4,"85%",0.85,25.8399306202031,"ili perc","quantile","hhs3"
"HHS Region 3",2018-03-10,2018-04-07,4,"90%",0.9,25.8399306202031,"ili perc","quantile","hhs3"
"HHS Region 3",2018-03-10,2018-04-07,4,"95%",0.95,25.8399306202031,"ili perc","quantile","hhs3"
"HHS Region 3",2018-03-10,2018-04-07,4,"97.5%",0.975,25.8399306202031,"ili perc","quantile","hhs3"
"HHS Region 3",2018-03-10,2018-04-07,4,"99%",0.99,25.8399306202031,"ili perc","quantile","hhs3"
"HHS Region 4",2018-03-10,2018-03-17,1,"1%",0.01,1.57022968470156,"ili perc","quantile","hhs4"
"HHS Region 4",2018-03-10,2018-03-17,1,"2.5%",0.025,1.58898453339974,"ili perc","quantile","hhs4"
"HHS Region 4",2018-03-10,2018-03-17,1,"5%",0.05,1.60998487472784,"ili perc","quantile","hhs4"
"HHS Region 4",2018-03-10,2018-03-17,1,"10%",0.1,1.78488231830176,"ili perc","quantile","hhs4"
"HHS Region 4",2018-03-10,2018-03-17,1,"15%",0.15,1.88365645666551,"ili perc","quantile","hhs4"
"HHS Region 4",2018-03-10,2018-03-17,1,"20%",0.2,2.00027027411986,"ili perc","quantile","hhs4"
"HHS Region 4",2018-03-10,2018-03-17,1,"25%",0.25,2.0761849047184,"ili perc","quantile","hhs4"
"HHS Region 4",2018-03-10,2018-03-17,1,"30%",0.3,2.0761849047184,"ili perc","quantile","hhs4"
"HHS Region 4",2018-03-10,2018-03-17,1,"35%",0.35,2.11913974171293,"ili perc","quantile","hhs4"
"HHS Region 4",2018-03-10,2018-03-17,1,"40%",0.4,2.20231210122876,"ili perc","quantile","hhs4"
"HHS Region 4",2018-03-10,2018-03-17,1,"45%",0.45,2.32599299089735,"ili perc","quantile","hhs4"
"HHS Region 4",2018-03-10,2018-03-17,1,"50%",0.5,39.5921074086207,"ili perc","quantile","hhs4"
"HHS Region 4",2018-03-10,2018-03-17,1,"55%",0.55,39.5921074086207,"ili perc","quantile","hhs4"
"HHS Region 4",2018-03-10,2018-03-17,1,"60%",0.6,39.5921074086207,"ili perc","quantile","hhs4"
"HHS Region 4",2018-03-10,2018-03-17,1,"65%",0.65,39.5921074086207,"ili perc","quantile","hhs4"
"HHS Region 4",2018-03-10,2018-03-17,1,"70%",0.7,39.5921074086207,"ili perc","quantile","hhs4"
"HHS Region 4",2018-03-10,2018-03-17,1,"75%",0.75,39.5921074086207,"ili perc","quantile","hhs4"
"HHS Region 4",2018-03-10,2018-03-17,1,"80%",0.8,39.5921074086207,"ili perc","quantile","hhs4"
"HHS Region 4",2018-03-10,2018-03-17,1,"85%",0.85,39.5921074086207,"ili perc","quantile","hhs4"
"HHS Region 4",2018-03-10,2018-03-17,1,"90%",0.9,39.5921074086207,"ili perc","quantile","hhs4"
"HHS Region 4",2018-03-10,2018-03-17,1,"95%",0.95,39.5921074086207,"ili perc","quantile","hhs4"
"HHS Region 4",2018-03-10,2018-03-17,1,"97.5%",0.975,39.5921074086207,"ili perc","quantile","hhs4"
"HHS Region 4",2018-03-10,2018-03-17,1,"99%",0.99,39.5921074086207,"ili perc","quantile","hhs4"
"HHS Region 4",2018-03-10,2018-03-24,2,"1%",0.01,1.55561195241856,"ili perc","quantile","hhs4"
"HHS Region 4",2018-03-10,2018-03-24,2,"2.5%",0.025,1.58608479641356,"ili perc","quantile","hhs4"
"HHS Region 4",2018-03-10,2018-03-24,2,"5%",0.05,1.58758213449096,"ili perc","quantile","hhs4"
"HHS Region 4",2018-03-10,2018-03-24,2,"10%",0.1,1.74411930118674,"ili perc","quantile","hhs4"
"HHS Region 4",2018-03-10,2018-03-24,2,"15%",0.15,1.83643737187052,"ili perc","quantile","hhs4"
"HHS Region 4",2018-03-10,2018-03-24,2,"20%",0.2,1.95518039884195,"ili perc","quantile","hhs4"
"HHS Region 4",2018-03-10,2018-03-24,2,"25%",0.25,2.0308535871883,"ili perc","quantile","hhs4"
"HHS Region 4",2018-03-10,2018-03-24,2,"30%",0.3,2.0308535871883,"ili perc","quantile","hhs4"
"HHS Region 4",2018-03-10,2018-03-24,2,"35%",0.35,2.08941209878579,"ili perc","quantile","hhs4"
"HHS Region 4",2018-03-10,2018-03-24,2,"40%",0.4,2.17180355870283,"ili perc","quantile","hhs4"
"HHS Region 4",2018-03-10,2018-03-24,2,"45%",0.45,2.29602492361696,"ili perc","quantile","hhs4"
"HHS Region 4",2018-03-10,2018-03-24,2,"50%",0.5,36.5651918491754,"ili perc","quantile","hhs4"
"HHS Region 4",2018-03-10,2018-03-24,2,"55%",0.55,36.5651918491754,"ili perc","quantile","hhs4"
"HHS Region 4",2018-03-10,2018-03-24,2,"60%",0.6,36.5651918491754,"ili perc","quantile","hhs4"
"HHS Region 4",2018-03-10,2018-03-24,2,"65%",0.65,36.5651918491754,"ili perc","quantile","hhs4"
"HHS Region 4",2018-03-10,2018-03-24,2,"70%",0.7,36.5651918491754,"ili perc","quantile","hhs4"
"HHS Region 4",2018-03-10,2018-03-24,2,"75%",0.75,36.5651918491754,"ili perc","quantile","hhs4"
"HHS Region 4",2018-03-10,2018-03-24,2,"80%",0.8,36.5651918491754,"ili perc","quantile","hhs4"
"HHS Region 4",2018-03-10,2018-03-24,2,"85%",0.85,36.5651918491754,"ili perc","quantile","hhs4"
"HHS Region 4",2018-03-10,2018-03-24,2,"90%",0.9,36.5651918491754,"ili perc","quantile","hhs4"
"HHS Region 4",2018-03-10,2018-03-24,2,"95%",0.95,36.5651918491754,"ili perc","quantile","hhs4"
"HHS Region 4",2018-03-10,2018-03-24,2,"97.5%",0.975,36.5651918491754,"ili perc","quantile","hhs4"
"HHS Region 4",2018-03-10,2018-03-24,2,"99%",0.99,36.5651918491754,"ili perc","quantile","hhs4"
"HHS Region 4",2018-03-10,2018-03-31,3,"1%",0.01,1.54334789190731,"ili perc","quantile","hhs4"
"HHS Region 4",2018-03-10,2018-03-31,3,"2.5%",0.025,1.57637487900989,"ili perc","quantile","hhs4"
"HHS Region 4",2018-03-10,2018-03-31,3,"5%",0.05,1.57637487900989,"ili perc","quantile","hhs4"
"HHS Region 4",2018-03-10,2018-03-31,3,"10%",0.1,1.70494831628039,"ili perc","quantile","hhs4"
"HHS Region 4",2018-03-10,2018-03-31,3,"15%",0.15,1.79064160945694,"ili perc","quantile","hhs4"
"HHS Region 4",2018-03-10,2018-03-31,3,"20%",0.2,1.91190863947886,"ili perc","quantile","hhs4"
"HHS Region 4",2018-03-10,2018-03-31,3,"25%",0.25,1.98653925041557,"ili perc","quantile","hhs4"
"HHS Region 4",2018-03-10,2018-03-31,3,"30%",0.3,1.98744950686706,"ili perc","quantile","hhs4"
"HHS Region 4",2018-03-10,2018-03-31,3,"35%",0.35,2.06091115370697,"ili perc","quantile","hhs4"
"HHS Region 4",2018-03-10,2018-03-31,3,"40%",0.4,2.14253125818512,"ili perc","quantile","hhs4"
"HHS Region 4",2018-03-10,2018-03-31,3,"45%",0.45,2.26712516883692,"ili perc","quantile","hhs4"
"HHS Region 4",2018-03-10,2018-03-31,3,"50%",0.5,39.3772299026492,"ili perc","quantile","hhs4"
"HHS Region 4",2018-03-10,2018-03-31,3,"55%",0.55,39.3772299026492,"ili perc","quantile","hhs4"
"HHS Region 4",2018-03-10,2018-03-31,3,"60%",0.6,39.3772299026492,"ili perc","quantile","hhs4"
"HHS Region 4",2018-03-10,2018-03-31,3,"65%",0.65,39.3772299026492,"ili perc","quantile","hhs4"
"HHS Region 4",2018-03-10,2018-03-31,3,"70%",0.7,39.3772299026492,"ili perc","quantile","hhs4"
"HHS Region 4",2018-03-10,2018-03-31,3,"75%",0.75,39.3772299026492,"ili perc","quantile","hhs4"
"HHS Region 4",2018-03-10,2018-03-31,3,"80%",0.8,39.3772299026492,"ili perc","quantile","hhs4"
"HHS Region 4",2018-03-10,2018-03-31,3,"85%",0.85,39.3772299026492,"ili perc","quantile","hhs4"
"HHS Region 4",2018-03-10,2018-03-31,3,"90%",0.9,39.3772299026492,"ili perc","quantile","hhs4"
"HHS Region 4",2018-03-10,2018-03-31,3,"95%",0.95,39.3772299026492,"ili perc","quantile","hhs4"
"HHS Region 4",2018-03-10,2018-03-31,3,"97.5%",0.975,39.3772299026492,"ili perc","quantile","hhs4"
"HHS Region 4",2018-03-10,2018-03-31,3,"99%",0.99,39.3772299026492,"ili perc","quantile","hhs4"
"HHS Region 4",2018-03-10,2018-04-07,4,"1%",0.01,1.52780425612266,"ili perc","quantile","hhs4"
"HHS Region 4",2018-03-10,2018-04-07,4,"2.5%",0.025,1.56286107988942,"ili perc","quantile","hhs4"
"HHS Region 4",2018-03-10,2018-04-07,4,"5%",0.05,1.56286107988942,"ili perc","quantile","hhs4"
"HHS Region 4",2018-03-10,2018-04-07,4,"10%",0.1,1.66355901464495,"ili perc","quantile","hhs4"
"HHS Region 4",2018-03-10,2018-04-07,4,"15%",0.15,1.74286260836743,"ili perc","quantile","hhs4"
"HHS Region 4",2018-03-10,2018-04-07,4,"20%",0.2,1.86610354132572,"ili perc","quantile","hhs4"
"HHS Region 4",2018-03-10,2018-04-07,4,"25%",0.25,1.93910460386689,"ili perc","quantile","hhs4"
"HHS Region 4",2018-03-10,2018-04-07,4,"30%",0.3,1.94306330175236,"ili perc","quantile","hhs4"
"HHS Region 4",2018-03-10,2018-04-07,4,"35%",0.35,2.03070094398916,"ili perc","quantile","hhs4"
"HHS Region 4",2018-03-10,2018-04-07,4,"40%",0.4,2.1115363943216,"ili perc","quantile","hhs4"
"HHS Region 4",2018-03-10,2018-04-07,4,"45%",0.45,2.23673684147743,"ili perc","quantile","hhs4"
"HHS Region 4",2018-03-10,2018-04-07,4,"50%",0.5,34.0533468301355,"ili perc","quantile","hhs4"
"HHS Region 4",2018-03-10,2018-04-07,4,"55%",0.55,34.0533468301355,"ili perc","quantile","hhs4"
"HHS Region 4",2018-03-10,2018-04-07,4,"60%",0.6,34.0533468301355,"ili perc","quantile","hhs4"
"HHS Region 4",2018-03-10,2018-04-07,4,"65%",0.65,34.0533468301355,"ili perc","quantile","hhs4"
"HHS Region 4",2018-03-10,2018-04-07,4,"70%",0.7,34.0533468301355,"ili perc","quantile","hhs4"
"HHS Region 4",2018-03-10,2018-04-07,4,"75%",0.75,34.0533468301355,"ili perc","quantile","hhs4"
"HHS Region 4",2018-03-10,2018-04-07,4,"80%",0.8,34.0533468301355,"ili perc","quantile","hhs4"
"HHS Region 4",2018-03-10,2018-04-07,4,"85%",0.85,34.0533468301355,"ili perc","quantile","hhs4"
"HHS Region 4",2018-03-10,2018-04-07,4,"90%",0.9,34.0533468301355,"ili perc","quantile","hhs4"
"HHS Region 4",2018-03-10,2018-04-07,4,"95%",0.95,34.0533468301355,"ili perc","quantile","hhs4"
"HHS Region 4",2018-03-10,2018-04-07,4,"97.5%",0.975,34.0533468301355,"ili perc","quantile","hhs4"
"HHS Region 4",2018-03-10,2018-04-07,4,"99%",0.99,34.0533468301355,"ili perc","quantile","hhs4"
"HHS Region 5",2018-03-10,2018-03-17,1,"1%",0.01,1.43358531634098,"ili perc","quantile","hhs5"
"HHS Region 5",2018-03-10,2018-03-17,1,"2.5%",0.025,1.43358531634098,"ili perc","quantile","hhs5"
"HHS Region 5",2018-03-10,2018-03-17,1,"5%",0.05,1.52442174584977,"ili perc","quantile","hhs5"
"HHS Region 5",2018-03-10,2018-03-17,1,"10%",0.1,1.65889395118976,"ili perc","quantile","hhs5"
"HHS Region 5",2018-03-10,2018-03-17,1,"15%",0.15,1.71938198161946,"ili perc","quantile","hhs5"
"HHS Region 5",2018-03-10,2018-03-17,1,"20%",0.2,1.78746935586773,"ili perc","quantile","hhs5"
"HHS Region 5",2018-03-10,2018-03-17,1,"25%",0.25,1.88065735531545,"ili perc","quantile","hhs5"
"HHS Region 5",2018-03-10,2018-03-17,1,"30%",0.3,1.91090912018941,"ili perc","quantile","hhs5"
"HHS Region 5",2018-03-10,2018-03-17,1,"35%",0.35,1.92149865128261,"ili perc","quantile","hhs5"
"HHS Region 5",2018-03-10,2018-03-17,1,"40%",0.4,1.99515391344664,"ili perc","quantile","hhs5"
"HHS Region 5",2018-03-10,2018-03-17,1,"45%",0.45,2.06098679217961,"ili perc","quantile","hhs5"
"HHS Region 5",2018-03-10,2018-03-17,1,"50%",0.5,18.9419248875882,"ili perc","quantile","hhs5"
"HHS Region 5",2018-03-10,2018-03-17,1,"55%",0.55,18.9419248875882,"ili perc","quantile","hhs5"
"HHS Region 5",2018-03-10,2018-03-17,1,"60%",0.6,18.9419248875882,"ili perc","quantile","hhs5"
"HHS Region 5",2018-03-10,2018-03-17,1,"65%",0.65,18.9419248875882,"ili perc","quantile","hhs5"
"HHS Region 5",2018-03-10,2018-03-17,1,"70%",0.7,18.9419248875882,"ili perc","quantile","hhs5"
"HHS Region 5",2018-03-10,2018-03-17,1,"75%",0.75,18.9419248875882,"ili perc","quantile","hhs5"
"HHS Region 5",2018-03-10,2018-03-17,1,"80%",0.8,18.9419248875882,"ili perc","quantile","hhs5"
"HHS Region 5",2018-03-10,2018-03-17,1,"85%",0.85,18.9419248875882,"ili perc","quantile","hhs5"
"HHS Region 5",2018-03-10,2018-03-17,1,"90%",0.9,18.9419248875882,"ili perc","quantile","hhs5"
"HHS Region 5",2018-03-10,2018-03-17,1,"95%",0.95,18.9419248875882,"ili perc","quantile","hhs5"
"HHS Region 5",2018-03-10,2018-03-17,1,"97.5%",0.975,18.9419248875882,"ili perc","quantile","hhs5"
"HHS Region 5",2018-03-10,2018-03-17,1,"99%",0.99,18.9419248875882,"ili perc","quantile","hhs5"
"HHS Region 5",2018-03-10,2018-03-24,2,"1%",0.01,1.42187898645041,"ili perc","quantile","hhs5"
"HHS Region 5",2018-03-10,2018-03-24,2,"2.5%",0.025,1.42187898645041,"ili perc","quantile","hhs5"
"HHS Region 5",2018-03-10,2018-03-24,2,"5%",0.05,1.49955380053748,"ili perc","quantile","hhs5"
"HHS Region 5",2018-03-10,2018-03-24,2,"10%",0.1,1.61615585376061,"ili perc","quantile","hhs5"
"HHS Region 5",2018-03-10,2018-03-24,2,"15%",0.15,1.67039711846843,"ili perc","quantile","hhs5"
"HHS Region 5",2018-03-10,2018-03-24,2,"20%",0.2,1.74012392009766,"ili perc","quantile","hhs5"
"HHS Region 5",2018-03-10,2018-03-24,2,"25%",0.25,1.83191756883456,"ili perc","quantile","hhs5"
"HHS Region 5",2018-03-10,2018-03-24,2,"30%",0.3,1.86533366526596,"ili perc","quantile","hhs5"
"HHS Region 5",2018-03-10,2018-03-24,2,"35%",0.35,1.89024916303201,"ili perc","quantile","hhs5"
"HHS Region 5",2018-03-10,2018-03-24,2,"40%",0.4,1.9631116850816,"ili perc","quantile","hhs5"
"HHS Region 5",2018-03-10,2018-03-24,2,"45%",0.45,2.02969337295138,"ili perc","quantile","hhs5"
"HHS Region 5",2018-03-10,2018-03-24,2,"50%",0.5,8.6711845656367,"ili perc","quantile","hhs5"
"HHS Region 5",2018-03-10,2018-03-24,2,"55%",0.55,8.6711845656367,"ili perc","quantile","hhs5"
"HHS Region 5",2018-03-10,2018-03-24,2,"60%",0.6,8.6711845656367,"ili perc","quantile","hhs5"
"HHS Region 5",2018-03-10,2018-03-24,2,"65%",0.65,8.6711845656367,"ili perc","quantile","hhs5"
"HHS Region 5",2018-03-10,2018-03-24,2,"70%",0.7,8.6711845656367,"ili perc","quantile","hhs5"
"HHS Region 5",2018-03-10,2018-03-24,2,"75%",0.75,8.6711845656367,"ili perc","quantile","hhs5"
"HHS Region 5",2018-03-10,2018-03-24,2,"80%",0.8,8.6711845656367,"ili perc","quantile","hhs5"
"HHS Region 5",2018-03-10,2018-03-24,2,"85%",0.85,8.6711845656367,"ili perc","quantile","hhs5"
"HHS Region 5",2018-03-10,2018-03-24,2,"90%",0.9,8.6711845656367,"ili perc","quantile","hhs5"
"HHS Region 5",2018-03-10,2018-03-24,2,"95%",0.95,8.6711845656367,"ili perc","quantile","hhs5"
"HHS Region 5",2018-03-10,2018-03-24,2,"97.5%",0.975,8.6711845656367,"ili perc","quantile","hhs5"
"HHS Region 5",2018-03-10,2018-03-24,2,"99%",0.99,8.6711845656367,"ili perc","quantile","hhs5"
"HHS Region 5",2018-03-10,2018-03-31,3,"1%",0.01,1.41303814289088,"ili perc","quantile","hhs5"
"HHS Region 5",2018-03-10,2018-03-31,3,"2.5%",0.025,1.41303814289088,"ili perc","quantile","hhs5"
"HHS Region 5",2018-03-10,2018-03-31,3,"5%",0.05,1.47708238895297,"ili perc","quantile","hhs5"
"HHS Region 5",2018-03-10,2018-03-31,3,"10%",0.1,1.5753378183316,"ili perc","quantile","hhs5"
"HHS Region 5",2018-03-10,2018-03-31,3,"15%",0.15,1.62312884572533,"ili perc","quantile","hhs5"
"HHS Region 5",2018-03-10,2018-03-31,3,"20%",0.2,1.69497121338224,"ili perc","quantile","hhs5"
"HHS Region 5",2018-03-10,2018-03-31,3,"25%",0.25,1.78503569857818,"ili perc","quantile","hhs5"
"HHS Region 5",2018-03-10,2018-03-31,3,"30%",0.3,1.82145115257816,"ili perc","quantile","hhs5"
"HHS Region 5",2018-03-10,2018-03-31,3,"35%",0.35,1.86047912721421,"ili perc","quantile","hhs5"
"HHS Region 5",2018-03-10,2018-03-31,3,"40%",0.4,1.93256041983274,"ili perc","quantile","hhs5"
"HHS Region 5",2018-03-10,2018-03-31,3,"45%",0.45,1.99968838634721,"ili perc","quantile","hhs5"
"HHS Region 5",2018-03-10,2018-03-31,3,"50%",0.5,5.44248327509976,"ili perc","quantile","hhs5"
"HHS Region 5",2018-03-10,2018-03-31,3,"55%",0.55,5.44248327509976,"ili perc","quantile","hhs5"
"HHS Region 5",2018-03-10,2018-03-31,3,"60%",0.6,5.44248327509976,"ili perc","quantile","hhs5"
"HHS Region 5",2018-03-10,2018-03-31,3,"65%",0.65,5.44248327509976,"ili perc","quantile","hhs5"
"HHS Region 5",2018-03-10,2018-03-31,3,"70%",0.7,5.44248327509976,"ili perc","quantile","hhs5"
"HHS Region 5",2018-03-10,2018-03-31,3,"75%",0.75,5.44248327509976,"ili perc","quantile","hhs5"
"HHS Region 5",2018-03-10,2018-03-31,3,"80%",0.8,5.44248327509976,"ili perc","quantile","hhs5"
"HHS Region 5",2018-03-10,2018-03-31,3,"85%",0.85,5.44248327509976,"ili perc","quantile","hhs5"
"HHS Region 5",2018-03-10,2018-03-31,3,"90%",0.9,5.44248327509976,"ili perc","quantile","hhs5"
"HHS Region 5",2018-03-10,2018-03-31,3,"95%",0.95,5.44248327509976,"ili perc","quantile","hhs5"
"HHS Region 5",2018-03-10,2018-03-31,3,"97.5%",0.975,5.44248327509976,"ili perc","quantile","hhs5"
"HHS Region 5",2018-03-10,2018-03-31,3,"99%",0.99,5.44248327509976,"ili perc","quantile","hhs5"
"HHS Region 5",2018-03-10,2018-04-07,4,"1%",0.01,1.39952506687654,"ili perc","quantile","hhs5"
"HHS Region 5",2018-03-10,2018-04-07,4,"2.5%",0.025,1.40943436165763,"ili perc","quantile","hhs5"
"HHS Region 5",2018-03-10,2018-04-07,4,"5%",0.05,1.45484717354618,"ili perc","quantile","hhs5"
"HHS Region 5",2018-03-10,2018-04-07,4,"10%",0.1,1.53470901925683,"ili perc","quantile","hhs5"
"HHS Region 5",2018-03-10,2018-04-07,4,"15%",0.15,1.57602975570157,"ili perc","quantile","hhs5"
"HHS Region 5",2018-03-10,2018-04-07,4,"20%",0.2,1.65003461638206,"ili perc","quantile","hhs5"
"HHS Region 5",2018-03-10,2018-04-07,4,"25%",0.25,1.73833693974881,"ili perc","quantile","hhs5"
"HHS Region 5",2018-03-10,2018-04-07,4,"30%",0.3,1.77773549190689,"ili perc","quantile","hhs5"
"HHS Region 5",2018-03-10,2018-04-07,4,"35%",0.35,1.83085490240907,"ili perc","quantile","hhs5"
"HHS Region 5",2018-03-10,2018-04-07,4,"40%",0.4,1.9021561000598,"ili perc","quantile","hhs5"
"HHS Region 5",2018-03-10,2018-04-07,4,"45%",0.45,1.96981038433647,"ili perc","quantile","hhs5"
"HHS Region 5",2018-03-10,2018-04-07,4,"50%",0.5,2.90782717295368,"ili perc","quantile","hhs5"
"HHS Region 5",2018-03-10,2018-04-07,4,"55%",0.55,2.90782717295368,"ili perc","quantile","hhs5"
"HHS Region 5",2018-03-10,2018-04-07,4,"60%",0.6,2.90782717295368,"ili perc","quantile","hhs5"
"HHS Region 5",2018-03-10,2018-04-07,4,"65%",0.65,2.90782717295368,"ili perc","quantile","hhs5"
"HHS Region 5",2018-03-10,2018-04-07,4,"70%",0.7,2.90782717295368,"ili perc","quantile","hhs5"
"HHS Region 5",2018-03-10,2018-04-07,4,"75%",0.75,2.90782717295368,"ili perc","quantile","hhs5"
"HHS Region 5",2018-03-10,2018-04-07,4,"80%",0.8,2.90782717295368,"ili perc","quantile","hhs5"
"HHS Region 5",2018-03-10,2018-04-07,4,"85%",0.85,2.90782717295368,"ili perc","quantile","hhs5"
"HHS Region 5",2018-03-10,2018-04-07,4,"90%",0.9,3.03467519353059,"ili perc","quantile","hhs5"
"HHS Region 5",2018-03-10,2018-04-07,4,"95%",0.95,3.61729713669818,"ili perc","quantile","hhs5"
"HHS Region 5",2018-03-10,2018-04-07,4,"97.5%",0.975,3.84205898714866,"ili perc","quantile","hhs5"
"HHS Region 5",2018-03-10,2018-04-07,4,"99%",0.99,3.957191464791,"ili perc","quantile","hhs5"
"HHS Region 6",2018-03-10,2018-03-17,1,"1%",0.01,3.00554439980771,"ili perc","quantile","hhs6"
"HHS Region 6",2018-03-10,2018-03-17,1,"2.5%",0.025,3.00554439980771,"ili perc","quantile","hhs6"
"HHS Region 6",2018-03-10,2018-03-17,1,"5%",0.05,3.00554439980771,"ili perc","quantile","hhs6"
"HHS Region 6",2018-03-10,2018-03-17,1,"10%",0.1,3.10865465591687,"ili perc","quantile","hhs6"
"HHS Region 6",2018-03-10,2018-03-17,1,"15%",0.15,3.20143901276703,"ili perc","quantile","hhs6"
"HHS Region 6",2018-03-10,2018-03-17,1,"20%",0.2,3.29780744969858,"ili perc","quantile","hhs6"
"HHS Region 6",2018-03-10,2018-03-17,1,"25%",0.25,3.36326651700067,"ili perc","quantile","hhs6"
"HHS Region 6",2018-03-10,2018-03-17,1,"30%",0.3,3.36326651700067,"ili perc","quantile","hhs6"
"HHS Region 6",2018-03-10,2018-03-17,1,"35%",0.35,3.38912994515454,"ili perc","quantile","hhs6"
"HHS Region 6",2018-03-10,2018-03-17,1,"40%",0.4,3.49941504434622,"ili perc","quantile","hhs6"
"HHS Region 6",2018-03-10,2018-03-17,1,"45%",0.45,3.61720107677834,"ili perc","quantile","hhs6"
"HHS Region 6",2018-03-10,2018-03-17,1,"50%",0.5,185.840752725725,"ili perc","quantile","hhs6"
"HHS Region 6",2018-03-10,2018-03-17,1,"55%",0.55,185.840752725725,"ili perc","quantile","hhs6"
"HHS Region 6",2018-03-10,2018-03-17,1,"60%",0.6,185.840752725725,"ili perc","quantile","hhs6"
"HHS Region 6",2018-03-10,2018-03-17,1,"65%",0.65,185.840752725725,"ili perc","quantile","hhs6"
"HHS Region 6",2018-03-10,2018-03-17,1,"70%",0.7,185.840752725725,"ili perc","quantile","hhs6"
"HHS Region 6",2018-03-10,2018-03-17,1,"75%",0.75,185.840752725725,"ili perc","quantile","hhs6"
"HHS Region 6",2018-03-10,2018-03-17,1,"80%",0.8,185.840752725725,"ili perc","quantile","hhs6"
"HHS Region 6",2018-03-10,2018-03-17,1,"85%",0.85,185.840752725725,"ili perc","quantile","hhs6"
"HHS Region 6",2018-03-10,2018-03-17,1,"90%",0.9,185.840752725725,"ili perc","quantile","hhs6"
"HHS Region 6",2018-03-10,2018-03-17,1,"95%",0.95,185.840752725725,"ili perc","quantile","hhs6"
"HHS Region 6",2018-03-10,2018-03-17,1,"97.5%",0.975,185.840752725725,"ili perc","quantile","hhs6"
"HHS Region 6",2018-03-10,2018-03-17,1,"99%",0.99,185.840752725725,"ili perc","quantile","hhs6"
"HHS Region 6",2018-03-10,2018-03-24,2,"1%",0.01,2.95581404415717,"ili perc","quantile","hhs6"
"HHS Region 6",2018-03-10,2018-03-24,2,"2.5%",0.025,2.95987249861525,"ili perc","quantile","hhs6"
"HHS Region 6",2018-03-10,2018-03-24,2,"5%",0.05,2.95987249861525,"ili perc","quantile","hhs6"
"HHS Region 6",2018-03-10,2018-03-24,2,"10%",0.1,3.04399478244518,"ili perc","quantile","hhs6"
"HHS Region 6",2018-03-10,2018-03-24,2,"15%",0.15,3.13285545411745,"ili perc","quantile","hhs6"
"HHS Region 6",2018-03-10,2018-03-24,2,"20%",0.2,3.22542713731816,"ili perc","quantile","hhs6"
"HHS Region 6",2018-03-10,2018-03-24,2,"25%",0.25,3.29583842484573,"ili perc","quantile","hhs6"
"HHS Region 6",2018-03-10,2018-03-24,2,"30%",0.3,3.29583842484573,"ili perc","quantile","hhs6"
"HHS Region 6",2018-03-10,2018-03-24,2,"35%",0.35,3.34098921855085,"ili perc","quantile","hhs6"
"HHS Region 6",2018-03-10,2018-03-24,2,"40%",0.4,3.45035015758883,"ili perc","quantile","hhs6"
"HHS Region 6",2018-03-10,2018-03-24,2,"45%",0.45,3.57119733495203,"ili perc","quantile","hhs6"
"HHS Region 6",2018-03-10,2018-03-24,2,"50%",0.5,95.1694823594858,"ili perc","quantile","hhs6"
"HHS Region 6",2018-03-10,2018-03-24,2,"55%",0.55,95.1694823594858,"ili perc","quantile","hhs6"
"HHS Region 6",2018-03-10,2018-03-24,2,"60%",0.6,95.1694823594858,"ili perc","quantile","hhs6"
"HHS Region 6",2018-03-10,2018-03-24,2,"65%",0.65,95.1694823594858,"ili perc","quantile","hhs6"
"HHS Region 6",2018-03-10,2018-03-24,2,"70%",0.7,95.1694823594858,"ili perc","quantile","hhs6"
"HHS Region 6",2018-03-10,2018-03-24,2,"75%",0.75,95.1694823594858,"ili perc","quantile","hhs6"
"HHS Region 6",2018-03-10,2018-03-24,2,"80%",0.8,95.1694823594858,"ili perc","quantile","hhs6"
"HHS Region 6",2018-03-10,2018-03-24,2,"85%",0.85,95.1694823594858,"ili perc","quantile","hhs6"
"HHS Region 6",2018-03-10,2018-03-24,2,"90%",0.9,95.1694823594858,"ili perc","quantile","hhs6"
"HHS Region 6",2018-03-10,2018-03-24,2,"95%",0.95,95.1694823594858,"ili perc","quantile","hhs6"
"HHS Region 6",2018-03-10,2018-03-24,2,"97.5%",0.975,95.1694823594858,"ili perc","quantile","hhs6"
"HHS Region 6",2018-03-10,2018-03-24,2,"99%",0.99,95.1694823594858,"ili perc","quantile","hhs6"
"HHS Region 6",2018-03-10,2018-03-31,3,"1%",0.01,2.9246140485611,"ili perc","quantile","hhs6"
"HHS Region 6",2018-03-10,2018-03-31,3,"2.5%",0.025,2.93177342396321,"ili perc","quantile","hhs6"
"HHS Region 6",2018-03-10,2018-03-31,3,"5%",0.05,2.93177342396321,"ili perc","quantile","hhs6"
"HHS Region 6",2018-03-10,2018-03-31,3,"10%",0.1,2.99201546167893,"ili perc","quantile","hhs6"
"HHS Region 6",2018-03-10,2018-03-31,3,"15%",0.15,3.07560867268638,"ili perc","quantile","hhs6"
"HHS Region 6",2018-03-10,2018-03-31,3,"20%",0.2,3.16752813665797,"ili perc","quantile","hhs6"
"HHS Region 6",2018-03-10,2018-03-31,3,"25%",0.25,3.24013569568704,"ili perc","quantile","hhs6"
"HHS Region 6",2018-03-10,2018-03-31,3,"30%",0.3,3.24013569568704,"ili perc","quantile","hhs6"
"HHS Region 6",2018-03-10,2018-03-31,3,"35%",0.35,3.30261915276321,"ili perc","quantile","hhs6"
"HHS Region 6",2018-03-10,2018-03-31,3,"40%",0.4,3.41113195097777,"ili perc","quantile","hhs6"
"HHS Region 6",2018-03-10,2018-03-31,3,"45%",0.45,3.53370271303722,"ili perc","quantile","hhs6"
"HHS Region 6",2018-03-10,2018-03-31,3,"50%",0.5,51.0055368010082,"ili perc","quantile","hhs6"
"HHS Region 6",2018-03-10,2018-03-31,3,"55%",0.55,51.0055368010082,"ili perc","quantile","hhs6"
"HHS Region 6",2018-03-10,2018-03-31,3,"60%",0.6,51.0055368010082,"ili perc","quantile","hhs6"
"HHS Region 6",2018-03-10,2018-03-31,3,"65%",0.65,51.0055368010082,"ili perc","quantile","hhs6"
"HHS Region 6",2018-03-10,2018-03-31,3,"70%",0.7,51.0055368010082,"ili perc","quantile","hhs6"
"HHS Region 6",2018-03-10,2018-03-31,3,"75%",0.75,51.0055368010082,"ili perc","quantile","hhs6"
"HHS Region 6",2018-03-10,2018-03-31,3,"80%",0.8,51.0055368010082,"ili perc","quantile","hhs6"
"HHS Region 6",2018-03-10,2018-03-31,3,"85%",0.85,51.0055368010082,"ili perc","quantile","hhs6"
"HHS Region 6",2018-03-10,2018-03-31,3,"90%",0.9,51.0055368010082,"ili perc","quantile","hhs6"
"HHS Region 6",2018-03-10,2018-03-31,3,"95%",0.95,51.0055368010082,"ili perc","quantile","hhs6"
"HHS Region 6",2018-03-10,2018-03-31,3,"97.5%",0.975,51.0055368010082,"ili perc","quantile","hhs6"
"HHS Region 6",2018-03-10,2018-03-31,3,"99%",0.99,51.0055368010082,"ili perc","quantile","hhs6"
"HHS Region 6",2018-03-10,2018-04-07,4,"1%",0.01,2.9014743930301,"ili perc","quantile","hhs6"
"HHS Region 6",2018-03-10,2018-04-07,4,"2.5%",0.025,2.91118326467485,"ili perc","quantile","hhs6"
"HHS Region 6",2018-03-10,2018-04-07,4,"5%",0.05,2.91118326467485,"ili perc","quantile","hhs6"
"HHS Region 6",2018-03-10,2018-04-07,4,"10%",0.1,2.94548818446037,"ili perc","quantile","hhs6"
"HHS Region 6",2018-03-10,2018-04-07,4,"15%",0.15,3.02323617430282,"ili perc","quantile","hhs6"
"HHS Region 6",2018-03-10,2018-04-07,4,"20%",0.2,3.11585542155168,"ili perc","quantile","hhs6"
"HHS Region 6",2018-03-10,2018-04-07,4,"25%",0.25,3.1894743232541,"ili perc","quantile","hhs6"
"HHS Region 6",2018-03-10,2018-04-07,4,"30%",0.3,3.1894743232541,"ili perc","quantile","hhs6"
"HHS Region 6",2018-03-10,2018-04-07,4,"35%",0.35,3.26845001334652,"ili perc","quantile","hhs6"
"HHS Region 6",2018-03-10,2018-04-07,4,"40%",0.4,3.37614735548802,"ili perc","quantile","hhs6"
"HHS Region 6",2018-03-10,2018-04-07,4,"45%",0.45,3.49986661401078,"ili perc","quantile","hhs6"
"HHS Region 6",2018-03-10,2018-04-07,4,"50%",0.5,26.8375619251521,"ili perc","quantile","hhs6"
"HHS Region 6",2018-03-10,2018-04-07,4,"55%",0.55,26.8375619251521,"ili perc","quantile","hhs6"
"HHS Region 6",2018-03-10,2018-04-07,4,"60%",0.6,26.8375619251521,"ili perc","quantile","hhs6"
"HHS Region 6",2018-03-10,2018-04-07,4,"65%",0.65,26.8375619251521,"ili perc","quantile","hhs6"
"HHS Region 6",2018-03-10,2018-04-07,4,"70%",0.7,26.8375619251521,"ili perc","quantile","hhs6"
"HHS Region 6",2018-03-10,2018-04-07,4,"75%",0.75,26.8375619251521,"ili perc","quantile","hhs6"
"HHS Region 6",2018-03-10,2018-04-07,4,"80%",0.8,26.8375619251521,"ili perc","quantile","hhs6"
"HHS Region 6",2018-03-10,2018-04-07,4,"85%",0.85,26.8375619251521,"ili perc","quantile","hhs6"
"HHS Region 6",2018-03-10,2018-04-07,4,"90%",0.9,26.8375619251521,"ili perc","quantile","hhs6"
"HHS Region 6",2018-03-10,2018-04-07,4,"95%",0.95,26.8375619251521,"ili perc","quantile","hhs6"
"HHS Region 6",2018-03-10,2018-04-07,4,"97.5%",0.975,26.8375619251521,"ili perc","quantile","hhs6"
"HHS Region 6",2018-03-10,2018-04-07,4,"99%",0.99,26.8375619251521,"ili perc","quantile","hhs6"
"HHS Region 7",2018-03-10,2018-03-17,1,"1%",0.01,1.72910029848669,"ili perc","quantile","hhs7"
"HHS Region 7",2018-03-10,2018-03-17,1,"2.5%",0.025,1.72910029848669,"ili perc","quantile","hhs7"
"HHS Region 7",2018-03-10,2018-03-17,1,"5%",0.05,1.72910029848669,"ili perc","quantile","hhs7"
"HHS Region 7",2018-03-10,2018-03-17,1,"10%",0.1,1.8875842093498,"ili perc","quantile","hhs7"
"HHS Region 7",2018-03-10,2018-03-17,1,"15%",0.15,1.933913056363,"ili perc","quantile","hhs7"
"HHS Region 7",2018-03-10,2018-03-17,1,"20%",0.2,2.11038300220758,"ili perc","quantile","hhs7"
"HHS Region 7",2018-03-10,2018-03-17,1,"25%",0.25,2.24789053970349,"ili perc","quantile","hhs7"
"HHS Region 7",2018-03-10,2018-03-17,1,"30%",0.3,2.26410297143383,"ili perc","quantile","hhs7"
"HHS Region 7",2018-03-10,2018-03-17,1,"35%",0.35,2.34225211559237,"ili perc","quantile","hhs7"
"HHS Region 7",2018-03-10,2018-03-17,1,"40%",0.4,2.47787550619989,"ili perc","quantile","hhs7"
"HHS Region 7",2018-03-10,2018-03-17,1,"45%",0.45,2.66263371186179,"ili perc","quantile","hhs7"
"HHS Region 7",2018-03-10,2018-03-17,1,"50%",0.5,237.69805051699,"ili perc","quantile","hhs7"
"HHS Region 7",2018-03-10,2018-03-17,1,"55%",0.55,237.69805051699,"ili perc","quantile","hhs7"
"HHS Region 7",2018-03-10,2018-03-17,1,"60%",0.6,237.69805051699,"ili perc","quantile","hhs7"
"HHS Region 7",2018-03-10,2018-03-17,1,"65%",0.65,237.69805051699,"ili perc","quantile","hhs7"
"HHS Region 7",2018-03-10,2018-03-17,1,"70%",0.7,237.69805051699,"ili perc","quantile","hhs7"
"HHS Region 7",2018-03-10,2018-03-17,1,"75%",0.75,237.69805051699,"ili perc","quantile","hhs7"
"HHS Region 7",2018-03-10,2018-03-17,1,"80%",0.8,237.69805051699,"ili perc","quantile","hhs7"
"HHS Region 7",2018-03-10,2018-03-17,1,"85%",0.85,237.69805051699,"ili perc","quantile","hhs7"
"HHS Region 7",2018-03-10,2018-03-17,1,"90%",0.9,237.69805051699,"ili perc","quantile","hhs7"
"HHS Region 7",2018-03-10,2018-03-17,1,"95%",0.95,237.69805051699,"ili perc","quantile","hhs7"
"HHS Region 7",2018-03-10,2018-03-17,1,"97.5%",0.975,237.69805051699,"ili perc","quantile","hhs7"
"HHS Region 7",2018-03-10,2018-03-17,1,"99%",0.99,237.69805051699,"ili perc","quantile","hhs7"
"HHS Region 7",2018-03-10,2018-03-24,2,"1%",0.01,1.66548768410446,"ili perc","quantile","hhs7"
"HHS Region 7",2018-03-10,2018-03-24,2,"2.5%",0.025,1.66548768410446,"ili perc","quantile","hhs7"
"HHS Region 7",2018-03-10,2018-03-24,2,"5%",0.05,1.66548768410446,"ili perc","quantile","hhs7"
"HHS Region 7",2018-03-10,2018-03-24,2,"10%",0.1,1.81116804111973,"ili perc","quantile","hhs7"
"HHS Region 7",2018-03-10,2018-03-24,2,"15%",0.15,1.85481903356524,"ili perc","quantile","hhs7"
"HHS Region 7",2018-03-10,2018-03-24,2,"20%",0.2,2.02457688946782,"ili perc","quantile","hhs7"
"HHS Region 7",2018-03-10,2018-03-24,2,"25%",0.25,2.16656272525947,"ili perc","quantile","hhs7"
"HHS Region 7",2018-03-10,2018-03-24,2,"30%",0.3,2.1888331480629,"ili perc","quantile","hhs7"
"HHS Region 7",2018-03-10,2018-03-24,2,"35%",0.35,2.28505289041962,"ili perc","quantile","hhs7"
"HHS Region 7",2018-03-10,2018-03-24,2,"40%",0.4,2.41968164242692,"ili perc","quantile","hhs7"
"HHS Region 7",2018-03-10,2018-03-24,2,"45%",0.45,2.60874106139427,"ili perc","quantile","hhs7"
"HHS Region 7",2018-03-10,2018-03-24,2,"50%",0.5,103.909273243747,"ili perc","quantile","hhs7"
"HHS Region 7",2018-03-10,2018-03-24,2,"55%",0.55,103.909273243747,"ili perc","quantile","hhs7"
"HHS Region 7",2018-03-10,2018-03-24,2,"60%",0.6,103.909273243747,"ili perc","quantile","hhs7"
"HHS Region 7",2018-03-10,2018-03-24,2,"65%",0.65,103.909273243747,"ili perc","quantile","hhs7"
"HHS Region 7",2018-03-10,2018-03-24,2,"70%",0.7,103.909273243747,"ili perc","quantile","hhs7"
"HHS Region 7",2018-03-10,2018-03-24,2,"75%",0.75,103.909273243747,"ili perc","quantile","hhs7"
"HHS Region 7",2018-03-10,2018-03-24,2,"80%",0.8,103.909273243747,"ili perc","quantile","hhs7"
"HHS Region 7",2018-03-10,2018-03-24,2,"85%",0.85,103.909273243747,"ili perc","quantile","hhs7"
"HHS Region 7",2018-03-10,2018-03-24,2,"90%",0.9,103.909273243747,"ili perc","quantile","hhs7"
"HHS Region 7",2018-03-10,2018-03-24,2,"95%",0.95,103.909273243747,"ili perc","quantile","hhs7"
"HHS Region 7",2018-03-10,2018-03-24,2,"97.5%",0.975,103.909273243747,"ili perc","quantile","hhs7"
"HHS Region 7",2018-03-10,2018-03-24,2,"99%",0.99,103.909273243747,"ili perc","quantile","hhs7"
"HHS Region 7",2018-03-10,2018-03-31,3,"1%",0.01,1.63221716945226,"ili perc","quantile","hhs7"
"HHS Region 7",2018-03-10,2018-03-31,3,"2.5%",0.025,1.63221716945226,"ili perc","quantile","hhs7"
"HHS Region 7",2018-03-10,2018-03-31,3,"5%",0.05,1.63221716945226,"ili perc","quantile","hhs7"
"HHS Region 7",2018-03-10,2018-03-31,3,"10%",0.1,1.75625614858083,"ili perc","quantile","hhs7"
"HHS Region 7",2018-03-10,2018-03-31,3,"15%",0.15,1.79495044899702,"ili perc","quantile","hhs7"
"HHS Region 7",2018-03-10,2018-03-31,3,"20%",0.2,1.96332886396871,"ili perc","quantile","hhs7"
"HHS Region 7",2018-03-10,2018-03-31,3,"25%",0.25,2.10604316737187,"ili perc","quantile","hhs7"
"HHS Region 7",2018-03-10,2018-03-31,3,"30%",0.3,2.1325239085492,"ili perc","quantile","hhs7"
"HHS Region 7",2018-03-10,2018-03-31,3,"35%",0.35,2.24442320986793,"ili perc","quantile","hhs7"
"HHS Region 7",2018-03-10,2018-03-31,3,"40%",0.4,2.37818624041891,"ili perc","quantile","hhs7"
"HHS Region 7",2018-03-10,2018-03-31,3,"45%",0.45,2.56927857534593,"ili perc","quantile","hhs7"
"HHS Region 7",2018-03-10,2018-03-31,3,"50%",0.5,48.9897974555782,"ili perc","quantile","hhs7"
"HHS Region 7",2018-03-10,2018-03-31,3,"55%",0.55,48.9897974555782,"ili perc","quantile","hhs7"
"HHS Region 7",2018-03-10,2018-03-31,3,"60%",0.6,48.9897974555782,"ili perc","quantile","hhs7"
"HHS Region 7",2018-03-10,2018-03-31,3,"65%",0.65,48.9897974555782,"ili perc","quantile","hhs7"
"HHS Region 7",2018-03-10,2018-03-31,3,"70%",0.7,48.9897974555782,"ili perc","quantile","hhs7"
"HHS Region 7",2018-03-10,2018-03-31,3,"75%",0.75,48.9897974555782,"ili perc","quantile","hhs7"
"HHS Region 7",2018-03-10,2018-03-31,3,"80%",0.8,48.9897974555782,"ili perc","quantile","hhs7"
"HHS Region 7",2018-03-10,2018-03-31,3,"85%",0.85,48.9897974555782,"ili perc","quantile","hhs7"
"HHS Region 7",2018-03-10,2018-03-31,3,"90%",0.9,48.9897974555782,"ili perc","quantile","hhs7"
"HHS Region 7",2018-03-10,2018-03-31,3,"95%",0.95,48.9897974555782,"ili perc","quantile","hhs7"
"HHS Region 7",2018-03-10,2018-03-31,3,"97.5%",0.975,48.9897974555782,"ili perc","quantile","hhs7"
"HHS Region 7",2018-03-10,2018-03-31,3,"99%",0.99,48.9897974555782,"ili perc","quantile","hhs7"
"HHS Region 7",2018-03-10,2018-04-07,4,"1%",0.01,1.61512389565837,"ili perc","quantile","hhs7"
"HHS Region 7",2018-03-10,2018-04-07,4,"2.5%",0.025,1.61512389565837,"ili perc","quantile","hhs7"
"HHS Region 7",2018-03-10,2018-04-07,4,"5%",0.05,1.61512389565837,"ili perc","quantile","hhs7"
"HHS Region 7",2018-03-10,2018-04-07,4,"10%",0.1,1.71280950895569,"ili perc","quantile","hhs7"
"HHS Region 7",2018-03-10,2018-04-07,4,"15%",0.15,1.74533212883413,"ili perc","quantile","hhs7"
"HHS Region 7",2018-03-10,2018-04-07,4,"20%",0.2,1.91517426627603,"ili perc","quantile","hhs7"
"HHS Region 7",2018-03-10,2018-04-07,4,"25%",0.25,2.05661777175877,"ili perc","quantile","hhs7"
"HHS Region 7",2018-03-10,2018-04-07,4,"30%",0.3,2.08632372327369,"ili perc","quantile","hhs7"
"HHS Region 7",2018-03-10,2018-04-07,4,"35%",0.35,2.21262777337426,"ili perc","quantile","hhs7"
"HHS Region 7",2018-03-10,2018-04-07,4,"40%",0.4,2.34559381613291,"ili perc","quantile","hhs7"
"HHS Region 7",2018-03-10,2018-04-07,4,"45%",0.45,2.53750969809563,"ili perc","quantile","hhs7"
"HHS Region 7",2018-03-10,2018-04-07,4,"50%",0.5,36.1204005281989,"ili perc","quantile","hhs7"
"HHS Region 7",2018-03-10,2018-04-07,4,"55%",0.55,36.1204005281989,"ili perc","quantile","hhs7"
"HHS Region 7",2018-03-10,2018-04-07,4,"60%",0.6,36.1204005281989,"ili perc","quantile","hhs7"
"HHS Region 7",2018-03-10,2018-04-07,4,"65%",0.65,36.1204005281989,"ili perc","quantile","hhs7"
"HHS Region 7",2018-03-10,2018-04-07,4,"70%",0.7,36.1204005281989,"ili perc","quantile","hhs7"
"HHS Region 7",2018-03-10,2018-04-07,4,"75%",0.75,36.1204005281989,"ili perc","quantile","hhs7"
"HHS Region 7",2018-03-10,2018-04-07,4,"80%",0.8,36.1204005281989,"ili perc","quantile","hhs7"
"HHS Region 7",2018-03-10,2018-04-07,4,"85%",0.85,36.1204005281989,"ili perc","quantile","hhs7"
"HHS Region 7",2018-03-10,2018-04-07,4,"90%",0.9,36.1204005281989,"ili perc","quantile","hhs7"
"HHS Region 7",2018-03-10,2018-04-07,4,"95%",0.95,36.1204005281989,"ili perc","quantile","hhs7"
"HHS Region 7",2018-03-10,2018-04-07,4,"97.5%",0.975,36.1204005281989,"ili perc","quantile","hhs7"
"HHS Region 7",2018-03-10,2018-04-07,4,"99%",0.99,36.1204005281989,"ili perc","quantile","hhs7"
"HHS Region 8",2018-03-10,2018-03-17,1,"1%",0.01,0.909684101962632,"ili perc","quantile","hhs8"
"HHS Region 8",2018-03-10,2018-03-17,1,"2.5%",0.025,0.998480804657817,"ili perc","quantile","hhs8"
"HHS Region 8",2018-03-10,2018-03-17,1,"5%",0.05,1.1323397529422,"ili perc","quantile","hhs8"
"HHS Region 8",2018-03-10,2018-03-17,1,"10%",0.1,1.22031945632951,"ili perc","quantile","hhs8"
"HHS Region 8",2018-03-10,2018-03-17,1,"15%",0.15,1.30485909775374,"ili perc","quantile","hhs8"
"HHS Region 8",2018-03-10,2018-03-17,1,"20%",0.2,1.3649343207926,"ili perc","quantile","hhs8"
"HHS Region 8",2018-03-10,2018-03-17,1,"25%",0.25,1.43333641368116,"ili perc","quantile","hhs8"
"HHS Region 8",2018-03-10,2018-03-17,1,"30%",0.3,1.44960205442524,"ili perc","quantile","hhs8"
"HHS Region 8",2018-03-10,2018-03-17,1,"35%",0.35,1.46469329219128,"ili perc","quantile","hhs8"
"HHS Region 8",2018-03-10,2018-03-17,1,"40%",0.4,1.54306693939112,"ili perc","quantile","hhs8"
"HHS Region 8",2018-03-10,2018-03-17,1,"45%",0.45,1.61675128529774,"ili perc","quantile","hhs8"
"HHS Region 8",2018-03-10,2018-03-17,1,"50%",0.5,9.1476372419055,"ili perc","quantile","hhs8"
"HHS Region 8",2018-03-10,2018-03-17,1,"55%",0.55,9.1476372419055,"ili perc","quantile","hhs8"
"HHS Region 8",2018-03-10,2018-03-17,1,"60%",0.6,9.1476372419055,"ili perc","quantile","hhs8"
"HHS Region 8",2018-03-10,2018-03-17,1,"65%",0.65,9.1476372419055,"ili perc","quantile","hhs8"
"HHS Region 8",2018-03-10,2018-03-17,1,"70%",0.7,9.1476372419055,"ili perc","quantile","hhs8"
"HHS Region 8",2018-03-10,2018-03-17,1,"75%",0.75,9.1476372419055,"ili perc","quantile","hhs8"
"HHS Region 8",2018-03-10,2018-03-17,1,"80%",0.8,9.1476372419055,"ili perc","quantile","hhs8"
"HHS Region 8",2018-03-10,2018-03-17,1,"85%",0.85,9.1476372419055,"ili perc","quantile","hhs8"
"HHS Region 8",2018-03-10,2018-03-17,1,"90%",0.9,9.1476372419055,"ili perc","quantile","hhs8"
"HHS Region 8",2018-03-10,2018-03-17,1,"95%",0.95,9.1476372419055,"ili perc","quantile","hhs8"
"HHS Region 8",2018-03-10,2018-03-17,1,"97.5%",0.975,9.1476372419055,"ili perc","quantile","hhs8"
"HHS Region 8",2018-03-10,2018-03-17,1,"99%",0.99,9.1476372419055,"ili perc","quantile","hhs8"
"HHS Region 8",2018-03-10,2018-03-24,2,"1%",0.01,0.894933630152942,"ili perc","quantile","hhs8"
"HHS Region 8",2018-03-10,2018-03-24,2,"2.5%",0.025,0.995445816759442,"ili perc","quantile","hhs8"
"HHS Region 8",2018-03-10,2018-03-24,2,"5%",0.05,1.10982494654075,"ili perc","quantile","hhs8"
"HHS Region 8",2018-03-10,2018-03-24,2,"10%",0.1,1.17946665371236,"ili perc","quantile","hhs8"
"HHS Region 8",2018-03-10,2018-03-24,2,"15%",0.15,1.2575597421489,"ili perc","quantile","hhs8"
"HHS Region 8",2018-03-10,2018-03-24,2,"20%",0.2,1.31974190961785,"ili perc","quantile","hhs8"
"HHS Region 8",2018-03-10,2018-03-24,2,"25%",0.25,1.38642090153044,"ili perc","quantile","hhs8"
"HHS Region 8",2018-03-10,2018-03-24,2,"30%",0.3,1.40568888708086,"ili perc","quantile","hhs8"
"HHS Region 8",2018-03-10,2018-03-24,2,"35%",0.35,1.4348964674463,"ili perc","quantile","hhs8"
"HHS Region 8",2018-03-10,2018-03-24,2,"40%",0.4,1.51248867678741,"ili perc","quantile","hhs8"
"HHS Region 8",2018-03-10,2018-03-24,2,"45%",0.45,1.58672296862431,"ili perc","quantile","hhs8"
"HHS Region 8",2018-03-10,2018-03-24,2,"50%",0.5,5.79142345650122,"ili perc","quantile","hhs8"
"HHS Region 8",2018-03-10,2018-03-24,2,"55%",0.55,5.79142345650122,"ili perc","quantile","hhs8"
"HHS Region 8",2018-03-10,2018-03-24,2,"60%",0.6,5.79142345650122,"ili perc","quantile","hhs8"
"HHS Region 8",2018-03-10,2018-03-24,2,"65%",0.65,5.79142345650122,"ili perc","quantile","hhs8"
"HHS Region 8",2018-03-10,2018-03-24,2,"70%",0.7,5.79142345650122,"ili perc","quantile","hhs8"
"HHS Region 8",2018-03-10,2018-03-24,2,"75%",0.75,5.79142345650122,"ili perc","quantile","hhs8"
"HHS Region 8",2018-03-10,2018-03-24,2,"80%",0.8,5.79142345650122,"ili perc","quantile","hhs8"
"HHS Region 8",2018-03-10,2018-03-24,2,"85%",0.85,5.79142345650122,"ili perc","quantile","hhs8"
"HHS Region 8",2018-03-10,2018-03-24,2,"90%",0.9,5.79142345650122,"ili perc","quantile","hhs8"
"HHS Region 8",2018-03-10,2018-03-24,2,"95%",0.95,5.79142345650122,"ili perc","quantile","hhs8"
"HHS Region 8",2018-03-10,2018-03-24,2,"97.5%",0.975,5.79142345650122,"ili perc","quantile","hhs8"
"HHS Region 8",2018-03-10,2018-03-24,2,"99%",0.99,5.79142345650122,"ili perc","quantile","hhs8"
"HHS Region 8",2018-03-10,2018-03-31,3,"1%",0.01,0.880686429406814,"ili perc","quantile","hhs8"
"HHS Region 8",2018-03-10,2018-03-31,3,"2.5%",0.025,0.99292362163746,"ili perc","quantile","hhs8"
"HHS Region 8",2018-03-10,2018-03-31,3,"5%",0.05,1.08773502984051,"ili perc","quantile","hhs8"
"HHS Region 8",2018-03-10,2018-03-31,3,"10%",0.1,1.13895426548625,"ili perc","quantile","hhs8"
"HHS Region 8",2018-03-10,2018-03-31,3,"15%",0.15,1.2105647267572,"ili perc","quantile","hhs8"
"HHS Region 8",2018-03-10,2018-03-31,3,"20%",0.2,1.27493825491335,"ili perc","quantile","hhs8"
"HHS Region 8",2018-03-10,2018-03-31,3,"25%",0.25,1.33983478573262,"ili perc","quantile","hhs8"
"HHS Region 8",2018-03-10,2018-03-31,3,"30%",0.3,1.36207586728389,"ili perc","quantile","hhs8"
"HHS Region 8",2018-03-10,2018-03-31,3,"35%",0.35,1.40536193990784,"ili perc","quantile","hhs8"
"HHS Region 8",2018-03-10,2018-03-31,3,"40%",0.4,1.48217475215883,"ili perc","quantile","hhs8"
"HHS Region 8",2018-03-10,2018-03-31,3,"45%",0.45,1.55692308259899,"ili perc","quantile","hhs8"
"HHS Region 8",2018-03-10,2018-03-31,3,"50%",0.5,3.68371697365286,"ili perc","quantile","hhs8"
"HHS Region 8",2018-03-10,2018-03-31,3,"55%",0.55,3.68371697365286,"ili perc","quantile","hhs8"
"HHS Region 8",2018-03-10,2018-03-31,3,"60%",0.6,3.68371697365286,"ili perc","quantile","hhs8"
"HHS Region 8",2018-03-10,2018-03-31,3,"65%",0.65,3.68371697365286,"ili perc","quantile","hhs8"
"HHS Region 8",2018-03-10,2018-03-31,3,"70%",0.7,3.68371697365286,"ili perc","quantile","hhs8"
"HHS Region 8",2018-03-10,2018-03-31,3,"75%",0.75,3.68371697365286,"ili perc","quantile","hhs8"
"HHS Region 8",2018-03-10,2018-03-31,3,"80%",0.8,3.68371697365286,"ili perc","quantile","hhs8"
"HHS Region 8",2018-03-10,2018-03-31,3,"85%",0.85,3.68371697365286,"ili perc","quantile","hhs8"
"HHS Region 8",2018-03-10,2018-03-31,3,"90%",0.9,3.68371697365286,"ili perc","quantile","hhs8"
"HHS Region 8",2018-03-10,2018-03-31,3,"95%",0.95,3.68371697365286,"ili perc","quantile","hhs8"
"HHS Region 8",2018-03-10,2018-03-31,3,"97.5%",0.975,3.68371697365286,"ili perc","quantile","hhs8"
"HHS Region 8",2018-03-10,2018-03-31,3,"99%",0.99,3.68371697365286,"ili perc","quantile","hhs8"
"HHS Region 8",2018-03-10,2018-04-07,4,"1%",0.01,0.866501054654996,"ili perc","quantile","hhs8"
"HHS Region 8",2018-03-10,2018-04-07,4,"2.5%",0.025,0.99046442223602,"ili perc","quantile","hhs8"
"HHS Region 8",2018-03-10,2018-04-07,4,"5%",0.05,1.0656973101175,"ili perc","quantile","hhs8"
"HHS Region 8",2018-03-10,2018-04-07,4,"10%",0.1,1.09848369658918,"ili perc","quantile","hhs8"
"HHS Region 8",2018-03-10,2018-04-07,4,"15%",0.15,1.16360709904314,"ili perc","quantile","hhs8"
"HHS Region 8",2018-03-10,2018-04-07,4,"20%",0.2,1.23018235828011,"ili perc","quantile","hhs8"
"HHS Region 8",2018-03-10,2018-04-07,4,"25%",0.25,1.29328913571658,"ili perc","quantile","hhs8"
"HHS Region 8",2018-03-10,2018-04-07,4,"30%",0.3,1.31849972010269,"ili perc","quantile","hhs8"
"HHS Region 8",2018-03-10,2018-04-07,4,"35%",0.35,1.37585963513515,"ili perc","quantile","hhs8"
"HHS Region 8",2018-03-10,2018-04-07,4,"40%",0.4,1.45189330100097,"ili perc","quantile","hhs8"
"HHS Region 8",2018-03-10,2018-04-07,4,"45%",0.45,1.52715125889033,"ili perc","quantile","hhs8"
"HHS Region 8",2018-03-10,2018-04-07,4,"50%",0.5,1.72938748975319,"ili perc","quantile","hhs8"
"HHS Region 8",2018-03-10,2018-04-07,4,"55%",0.55,1.72938748975319,"ili perc","quantile","hhs8"
"HHS Region 8",2018-03-10,2018-04-07,4,"60%",0.6,1.73348233726132,"ili perc","quantile","hhs8"
"HHS Region 8",2018-03-10,2018-04-07,4,"65%",0.65,1.76042052482955,"ili perc","quantile","hhs8"
"HHS Region 8",2018-03-10,2018-04-07,4,"70%",0.7,1.80399128060542,"ili perc","quantile","hhs8"
"HHS Region 8",2018-03-10,2018-04-07,4,"75%",0.75,1.87843372087476,"ili perc","quantile","hhs8"
"HHS Region 8",2018-03-10,2018-04-07,4,"80%",0.8,1.99673101598353,"ili perc","quantile","hhs8"
"HHS Region 8",2018-03-10,2018-04-07,4,"85%",0.85,2.15264945487817,"ili perc","quantile","hhs8"
"HHS Region 8",2018-03-10,2018-04-07,4,"90%",0.9,2.37522156690975,"ili perc","quantile","hhs8"
"HHS Region 8",2018-03-10,2018-04-07,4,"95%",0.95,2.878728705644,"ili perc","quantile","hhs8"
"HHS Region 8",2018-03-10,2018-04-07,4,"97.5%",0.975,3.1677081244173,"ili perc","quantile","hhs8"
"HHS Region 8",2018-03-10,2018-04-07,4,"99%",0.99,3.25426186775488,"ili perc","quantile","hhs8"
"HHS Region 9",2018-03-10,2018-03-17,1,"1%",0.01,2.01221306273536,"ili perc","quantile","hhs9"
"HHS Region 9",2018-03-10,2018-03-17,1,"2.5%",0.025,2.03977378442769,"ili perc","quantile","hhs9"
"HHS Region 9",2018-03-10,2018-03-17,1,"5%",0.05,2.16171713786956,"ili perc","quantile","hhs9"
"HHS Region 9",2018-03-10,2018-03-17,1,"10%",0.1,2.29574727094193,"ili perc","quantile","hhs9"
"HHS Region 9",2018-03-10,2018-03-17,1,"15%",0.15,2.35659279931102,"ili perc","quantile","hhs9"
"HHS Region 9",2018-03-10,2018-03-17,1,"20%",0.2,2.42321000194475,"ili perc","quantile","hhs9"
"HHS Region 9",2018-03-10,2018-03-17,1,"25%",0.25,2.51479422614266,"ili perc","quantile","hhs9"
"HHS Region 9",2018-03-10,2018-03-17,1,"30%",0.3,2.57141068776308,"ili perc","quantile","hhs9"
"HHS Region 9",2018-03-10,2018-03-17,1,"35%",0.35,2.63090420697687,"ili perc","quantile","hhs9"
"HHS Region 9",2018-03-10,2018-03-17,1,"40%",0.4,2.71057835817962,"ili perc","quantile","hhs9"
"HHS Region 9",2018-03-10,2018-03-17,1,"45%",0.45,2.78377443674466,"ili perc","quantile","hhs9"
"HHS Region 9",2018-03-10,2018-03-17,1,"50%",0.5,116.244462414857,"ili perc","quantile","hhs9"
"HHS Region 9",2018-03-10,2018-03-17,1,"55%",0.55,116.244462414857,"ili perc","quantile","hhs9"
"HHS Region 9",2018-03-10,2018-03-17,1,"60%",0.6,116.244462414857,"ili perc","quantile","hhs9"
"HHS Region 9",2018-03-10,2018-03-17,1,"65%",0.65,116.244462414857,"ili perc","quantile","hhs9"
"HHS Region 9",2018-03-10,2018-03-17,1,"70%",0.7,116.244462414857,"ili perc","quantile","hhs9"
"HHS Region 9",2018-03-10,2018-03-17,1,"75%",0.75,116.244462414857,"ili perc","quantile","hhs9"
"HHS Region 9",2018-03-10,2018-03-17,1,"80%",0.8,116.244462414857,"ili perc","quantile","hhs9"
"HHS Region 9",2018-03-10,2018-03-17,1,"85%",0.85,116.244462414857,"ili perc","quantile","hhs9"
"HHS Region 9",2018-03-10,2018-03-17,1,"90%",0.9,116.244462414857,"ili perc","quantile","hhs9"
"HHS Region 9",2018-03-10,2018-03-17,1,"95%",0.95,116.244462414857,"ili perc","quantile","hhs9"
"HHS Region 9",2018-03-10,2018-03-17,1,"97.5%",0.975,116.244462414857,"ili perc","quantile","hhs9"
"HHS Region 9",2018-03-10,2018-03-17,1,"99%",0.99,116.244462414857,"ili perc","quantile","hhs9"
"HHS Region 9",2018-03-10,2018-03-24,2,"1%",0.01,2.00146992189552,"ili perc","quantile","hhs9"
"HHS Region 9",2018-03-10,2018-03-24,2,"2.5%",0.025,2.04082194480219,"ili perc","quantile","hhs9"
"HHS Region 9",2018-03-10,2018-03-24,2,"5%",0.05,2.14258554536953,"ili perc","quantile","hhs9"
"HHS Region 9",2018-03-10,2018-03-24,2,"10%",0.1,2.25760504167295,"ili perc","quantile","hhs9"
"HHS Region 9",2018-03-10,2018-03-24,2,"15%",0.15,2.31171677389503,"ili perc","quantile","hhs9"
"HHS Region 9",2018-03-10,2018-03-24,2,"20%",0.2,2.38111309129799,"ili perc","quantile","hhs9"
"HHS Region 9",2018-03-10,2018-03-24,2,"25%",0.25,2.47050155544233,"ili perc","quantile","hhs9"
"HHS Region 9",2018-03-10,2018-03-24,2,"30%",0.3,2.52988746621401,"ili perc","quantile","hhs9"
"HHS Region 9",2018-03-10,2018-03-24,2,"35%",0.35,2.60319594204603,"ili perc","quantile","hhs9"
"HHS Region 9",2018-03-10,2018-03-24,2,"40%",0.4,2.68210490515264,"ili perc","quantile","hhs9"
"HHS Region 9",2018-03-10,2018-03-24,2,"45%",0.45,2.75556501505037,"ili perc","quantile","hhs9"
"HHS Region 9",2018-03-10,2018-03-24,2,"50%",0.5,122.829575166752,"ili perc","quantile","hhs9"
"HHS Region 9",2018-03-10,2018-03-24,2,"55%",0.55,122.829575166752,"ili perc","quantile","hhs9"
"HHS Region 9",2018-03-10,2018-03-24,2,"60%",0.6,122.829575166752,"ili perc","quantile","hhs9"
"HHS Region 9",2018-03-10,2018-03-24,2,"65%",0.65,122.829575166752,"ili perc","quantile","hhs9"
"HHS Region 9",2018-03-10,2018-03-24,2,"70%",0.7,122.829575166752,"ili perc","quantile","hhs9"
"HHS Region 9",2018-03-10,2018-03-24,2,"75%",0.75,122.829575166752,"ili perc","quantile","hhs9"
"HHS Region 9",2018-03-10,2018-03-24,2,"80%",0.8,122.829575166752,"ili perc","quantile","hhs9"
"HHS Region 9",2018-03-10,2018-03-24,2,"85%",0.85,122.829575166752,"ili perc","quantile","hhs9"
"HHS Region 9",2018-03-10,2018-03-24,2,"90%",0.9,122.829575166752,"ili perc","quantile","hhs9"
"HHS Region 9",2018-03-10,2018-03-24,2,"95%",0.95,122.829575166752,"ili perc","quantile","hhs9"
"HHS Region 9",2018-03-10,2018-03-24,2,"97.5%",0.975,122.829575166752,"ili perc","quantile","hhs9"
"HHS Region 9",2018-03-10,2018-03-24,2,"99%",0.99,122.829575166752,"ili perc","quantile","hhs9"
"HHS Region 9",2018-03-10,2018-03-31,3,"1%",0.01,1.97897664715087,"ili perc","quantile","hhs9"
"HHS Region 9",2018-03-10,2018-03-31,3,"2.5%",0.025,2.0298976628403,"ili perc","quantile","hhs9"
"HHS Region 9",2018-03-10,2018-03-31,3,"5%",0.05,2.11353382980769,"ili perc","quantile","hhs9"
"HHS Region 9",2018-03-10,2018-03-31,3,"10%",0.1,2.21151497878618,"ili perc","quantile","hhs9"
"HHS Region 9",2018-03-10,2018-03-31,3,"15%",0.15,2.25973515764343,"ili perc","quantile","hhs9"
"HHS Region 9",2018-03-10,2018-03-31,3,"20%",0.2,2.3299396791144,"ili perc","quantile","hhs9"
"HHS Region 9",2018-03-10,2018-03-31,3,"25%",0.25,2.41851829504898,"ili perc","quantile","hhs9"
"HHS Region 9",2018-03-10,2018-03-31,3,"30%",0.3,2.4813565421988,"ili perc","quantile","hhs9"
"HHS Region 9",2018-03-10,2018-03-31,3,"35%",0.35,2.56936368644183,"ili perc","quantile","hhs9"
"HHS Region 9",2018-03-10,2018-03-31,3,"40%",0.4,2.6474598145552,"ili perc","quantile","hhs9"
"HHS Region 9",2018-03-10,2018-03-31,3,"45%",0.45,2.72202230301286,"ili perc","quantile","hhs9"
"HHS Region 9",2018-03-10,2018-03-31,3,"50%",0.5,100.265132046288,"ili perc","quantile","hhs9"
"HHS Region 9",2018-03-10,2018-03-31,3,"55%",0.55,100.265132046288,"ili perc","quantile","hhs9"
"HHS Region 9",2018-03-10,2018-03-31,3,"60%",0.6,100.265132046288,"ili perc","quantile","hhs9"
"HHS Region 9",2018-03-10,2018-03-31,3,"65%",0.65,100.265132046288,"ili perc","quantile","hhs9"
"HHS Region 9",2018-03-10,2018-03-31,3,"70%",0.7,100.265132046288,"ili perc","quantile","hhs9"
"HHS Region 9",2018-03-10,2018-03-31,3,"75%",0.75,100.265132046288,"ili perc","quantile","hhs9"
"HHS Region 9",2018-03-10,2018-03-31,3,"80%",0.8,100.265132046288,"ili perc","quantile","hhs9"
"HHS Region 9",2018-03-10,2018-03-31,3,"85%",0.85,100.265132046288,"ili perc","quantile","hhs9"
"HHS Region 9",2018-03-10,2018-03-31,3,"90%",0.9,100.265132046288,"ili perc","quantile","hhs9"
"HHS Region 9",2018-03-10,2018-03-31,3,"95%",0.95,100.265132046288,"ili perc","quantile","hhs9"
"HHS Region 9",2018-03-10,2018-03-31,3,"97.5%",0.975,100.265132046288,"ili perc","quantile","hhs9"
"HHS Region 9",2018-03-10,2018-03-31,3,"99%",0.99,100.265132046288,"ili perc","quantile","hhs9"
"HHS Region 9",2018-03-10,2018-04-07,4,"1%",0.01,1.96954866765216,"ili perc","quantile","hhs9"
"HHS Region 9",2018-03-10,2018-04-07,4,"2.5%",0.025,2.03228586694937,"ili perc","quantile","hhs9"
"HHS Region 9",2018-03-10,2018-04-07,4,"5%",0.05,2.09551257038606,"ili perc","quantile","hhs9"
"HHS Region 9",2018-03-10,2018-04-07,4,"10%",0.1,2.1742623294662,"ili perc","quantile","hhs9"
"HHS Region 9",2018-03-10,2018-04-07,4,"15%",0.15,2.21565444217444,"ili perc","quantile","hhs9"
"HHS Region 9",2018-03-10,2018-04-07,4,"20%",0.2,2.28885867722501,"ili perc","quantile","hhs9"
"HHS Region 9",2018-03-10,2018-04-07,4,"25%",0.25,2.37508641166706,"ili perc","quantile","hhs9"
"HHS Region 9",2018-03-10,2018-04-07,4,"30%",0.3,2.44061767421097,"ili perc","quantile","hhs9"
"HHS Region 9",2018-03-10,2018-04-07,4,"35%",0.35,2.5423408635538,"ili perc","quantile","hhs9"
"HHS Region 9",2018-03-10,2018-04-07,4,"40%",0.4,2.61967713656193,"ili perc","quantile","hhs9"
"HHS Region 9",2018-03-10,2018-04-07,4,"45%",0.45,2.69440982236937,"ili perc","quantile","hhs9"
"HHS Region 9",2018-03-10,2018-04-07,4,"50%",0.5,110.112877318368,"ili perc","quantile","hhs9"
"HHS Region 9",2018-03-10,2018-04-07,4,"55%",0.55,110.112877318368,"ili perc","quantile","hhs9"
"HHS Region 9",2018-03-10,2018-04-07,4,"60%",0.6,110.112877318368,"ili perc","quantile","hhs9"
"HHS Region 9",2018-03-10,2018-04-07,4,"65%",0.65,110.112877318368,"ili perc","quantile","hhs9"
"HHS Region 9",2018-03-10,2018-04-07,4,"70%",0.7,110.112877318368,"ili perc","quantile","hhs9"
"HHS Region 9",2018-03-10,2018-04-07,4,"75%",0.75,110.112877318368,"ili perc","quantile","hhs9"
"HHS Region 9",2018-03-10,2018-04-07,4,"80%",0.8,110.112877318368,"ili perc","quantile","hhs9"
"HHS Region 9",2018-03-10,2018-04-07,4,"85%",0.85,110.112877318368,"ili perc","quantile","hhs9"
"HHS Region 9",2018-03-10,2018-04-07,4,"90%",0.9,110.112877318368,"ili perc","quantile","hhs9"
"HHS Region 9",2018-03-10,2018-04-07,4,"95%",0.95,110.112877318368,"ili perc","quantile","hhs9"
"HHS Region 9",2018-03-10,2018-04-07,4,"97.5%",0.975,110.112877318368,"ili perc","quantile","hhs9"
"HHS Region 9",2018-03-10,2018-04-07,4,"99%",0.99,110.112877318368,"ili perc","quantile","hhs9"
"US National",2018-03-10,2018-03-17,1,"1%",0.01,2.07500649877534,"ili perc","quantile","nat"
"US National",2018-03-10,2018-03-17,1,"2.5%",0.025,2.07500649877534,"ili perc","quantile","nat"
"US National",2018-03-10,2018-03-17,1,"5%",0.05,2.09201961054119,"ili perc","quantile","nat"
"US National",2018-03-10,2018-03-17,1,"10%",0.1,2.21794291794625,"ili perc","quantile","nat"
"US National",2018-03-10,2018-03-17,1,"15%",0.15,2.26065625810131,"ili perc","quantile","nat"
"US National",2018-03-10,2018-03-17,1,"20%",0.2,2.34500962926779,"ili perc","quantile","nat"
"US National",2018-03-10,2018-03-17,1,"25%",0.25,2.40780660710869,"ili perc","quantile","nat"
"US National",2018-03-10,2018-03-17,1,"30%",0.3,2.40780660710869,"ili perc","quantile","nat"
"US National",2018-03-10,2018-03-17,1,"35%",0.35,2.44422357965397,"ili perc","quantile","nat"
"US National",2018-03-10,2018-03-17,1,"40%",0.4,2.5237647046339,"ili perc","quantile","nat"
"US National",2018-03-10,2018-03-17,1,"45%",0.45,2.62088101991713,"ili perc","quantile","nat"
"US National",2018-03-10,2018-03-17,1,"50%",0.5,65.5179245187705,"ili perc","quantile","nat"
"US National",2018-03-10,2018-03-17,1,"55%",0.55,65.5179245187705,"ili perc","quantile","nat"
"US National",2018-03-10,2018-03-17,1,"60%",0.6,65.5179245187705,"ili perc","quantile","nat"
"US National",2018-03-10,2018-03-17,1,"65%",0.65,65.5179245187705,"ili perc","quantile","nat"
"US National",2018-03-10,2018-03-17,1,"70%",0.7,65.5179245187705,"ili perc","quantile","nat"
"US National",2018-03-10,2018-03-17,1,"75%",0.75,65.5179245187705,"ili perc","quantile","nat"
"US National",2018-03-10,2018-03-17,1,"80%",0.8,65.5179245187705,"ili perc","quantile","nat"
"US National",2018-03-10,2018-03-17,1,"85%",0.85,65.5179245187705,"ili perc","quantile","nat"
"US National",2018-03-10,2018-03-17,1,"90%",0.9,65.5179245187705,"ili perc","quantile","nat"
"US National",2018-03-10,2018-03-17,1,"95%",0.95,65.5179245187705,"ili perc","quantile","nat"
"US National",2018-03-10,2018-03-17,1,"97.5%",0.975,65.5179245187705,"ili perc","quantile","nat"
"US National",2018-03-10,2018-03-17,1,"99%",0.99,65.5179245187705,"ili perc","quantile","nat"
"US National",2018-03-10,2018-03-24,2,"1%",0.01,2.05452214614179,"ili perc","quantile","nat"
"US National",2018-03-10,2018-03-24,2,"2.5%",0.025,2.05492362403215,"ili perc","quantile","nat"
"US National",2018-03-10,2018-03-24,2,"5%",0.05,2.05997810111469,"ili perc","quantile","nat"
"US National",2018-03-10,2018-03-24,2,"10%",0.1,2.16945748314324,"ili perc","quantile","nat"
"US National",2018-03-10,2018-03-24,2,"15%",0.15,2.20653311076662,"ili perc","quantile","nat"
"US National",2018-03-10,2018-03-24,2,"20%",0.2,2.29110067958748,"ili perc","quantile","nat"
"US National",2018-03-10,2018-03-24,2,"25%",0.25,2.35533457949257,"ili perc","quantile","nat"
"US National",2018-03-10,2018-03-24,2,"30%",0.3,2.35533457949257,"ili perc","quantile","nat"
"US National",2018-03-10,2018-03-24,2,"35%",0.35,2.40854563427066,"ili perc","quantile","nat"
"US National",2018-03-10,2018-03-24,2,"40%",0.4,2.48725956411287,"ili perc","quantile","nat"
"US National",2018-03-10,2018-03-24,2,"45%",0.45,2.58573092472045,"ili perc","quantile","nat"
"US National",2018-03-10,2018-03-24,2,"50%",0.5,34.1681908568365,"ili perc","quantile","nat"
"US National",2018-03-10,2018-03-24,2,"55%",0.55,34.1681908568365,"ili perc","quantile","nat"
"US National",2018-03-10,2018-03-24,2,"60%",0.6,34.1681908568365,"ili perc","quantile","nat"
"US National",2018-03-10,2018-03-24,2,"65%",0.65,34.1681908568365,"ili perc","quantile","nat"
"US National",2018-03-10,2018-03-24,2,"70%",0.7,34.1681908568365,"ili perc","quantile","nat"
"US National",2018-03-10,2018-03-24,2,"75%",0.75,34.1681908568365,"ili perc","quantile","nat"
"US National",2018-03-10,2018-03-24,2,"80%",0.8,34.1681908568365,"ili perc","quantile","nat"
"US National",2018-03-10,2018-03-24,2,"85%",0.85,34.1681908568365,"ili perc","quantile","nat"
"US National",2018-03-10,2018-03-24,2,"90%",0.9,34.1681908568365,"ili perc","quantile","nat"
"US National",2018-03-10,2018-03-24,2,"95%",0.95,34.1681908568365,"ili perc","quantile","nat"
"US National",2018-03-10,2018-03-24,2,"97.5%",0.975,34.1681908568365,"ili perc","quantile","nat"
"US National",2018-03-10,2018-03-24,2,"99%",0.99,34.1681908568365,"ili perc","quantile","nat"
"US National",2018-03-10,2018-03-31,3,"1%",0.01,2.03460068605473,"ili perc","quantile","nat"
"US National",2018-03-10,2018-03-31,3,"2.5%",0.025,2.03985873525606,"ili perc","quantile","nat"
"US National",2018-03-10,2018-03-31,3,"5%",0.05,2.03985873525606,"ili perc","quantile","nat"
"US National",2018-03-10,2018-03-31,3,"10%",0.1,2.12510700511225,"ili perc","quantile","nat"
"US National",2018-03-10,2018-03-31,3,"15%",0.15,2.15610673318804,"ili perc","quantile","nat"
"US National",2018-03-10,2018-03-31,3,"20%",0.2,2.2419138898442,"ili perc","quantile","nat"
"US National",2018-03-10,2018-03-31,3,"25%",0.25,2.30668603420031,"ili perc","quantile","nat"
"US National",2018-03-10,2018-03-31,3,"30%",0.3,2.30668603420031,"ili perc","quantile","nat"
"US National",2018-03-10,2018-03-31,3,"35%",0.35,2.37605376926151,"ili perc","quantile","nat"
"US National",2018-03-10,2018-03-31,3,"40%",0.4,2.45396529284172,"ili perc","quantile","nat"
"US National",2018-03-10,2018-03-31,3,"45%",0.45,2.55335553846738,"ili perc","quantile","nat"
"US National",2018-03-10,2018-03-31,3,"50%",0.5,17.9838669470923,"ili perc","quantile","nat"
"US National",2018-03-10,2018-03-31,3,"55%",0.55,17.9838669470923,"ili perc","quantile","nat"
"US National",2018-03-10,2018-03-31,3,"60%",0.6,17.9838669470923,"ili perc","quantile","nat"
"US National",2018-03-10,2018-03-31,3,"65%",0.65,17.9838669470923,"ili perc","quantile","nat"
"US National",2018-03-10,2018-03-31,3,"70%",0.7,17.9838669470923,"ili perc","quantile","nat"
"US National",2018-03-10,2018-03-31,3,"75%",0.75,17.9838669470923,"ili perc","quantile","nat"
"US National",2018-03-10,2018-03-31,3,"80%",0.8,17.9838669470923,"ili perc","quantile","nat"
"US National",2018-03-10,2018-03-31,3,"85%",0.85,17.9838669470923,"ili perc","quantile","nat"
"US National",2018-03-10,2018-03-31,3,"90%",0.9,17.9838669470923,"ili perc","quantile","nat"
"US National",2018-03-10,2018-03-31,3,"95%",0.95,17.9838669470923,"ili perc","quantile","nat"
"US National",2018-03-10,2018-03-31,3,"97.5%",0.975,17.9838669470923,"ili perc","quantile","nat"
"US National",2018-03-10,2018-03-31,3,"99%",0.99,17.9838669470923,"ili perc","quantile","nat"
"US National",2018-03-10,2018-04-07,4,"1%",0.01,2.01793820066579,"ili perc","quantile","nat"
"US National",2018-03-10,2018-04-07,4,"2.5%",0.025,2.02530262936993,"ili perc","quantile","nat"
"US National",2018-03-10,2018-04-07,4,"5%",0.05,2.02530262936993,"ili perc","quantile","nat"
"US National",2018-03-10,2018-04-07,4,"10%",0.1,2.08296090950577,"ili perc","quantile","nat"
"US National",2018-03-10,2018-04-07,4,"15%",0.15,2.10765113661809,"ili perc","quantile","nat"
"US National",2018-03-10,2018-04-07,4,"20%",0.2,2.19524452578269,"ili perc","quantile","nat"
"US National",2018-03-10,2018-04-07,4,"25%",0.25,2.26007582151941,"ili perc","quantile","nat"
"US National",2018-03-10,2018-04-07,4,"30%",0.3,2.26007582151941,"ili perc","quantile","nat"
"US National",2018-03-10,2018-04-07,4,"35%",0.35,2.34526043218556,"ili perc","quantile","nat"
"US National",2018-03-10,2018-04-07,4,"40%",0.4,2.42238276467504,"ili perc","quantile","nat"
"US National",2018-03-10,2018-04-07,4,"45%",0.45,2.52245937435997,"ili perc","quantile","nat"
"US National",2018-03-10,2018-04-07,4,"50%",0.5,9.88435856535195,"ili perc","quantile","nat"
"US National",2018-03-10,2018-04-07,4,"55%",0.55,9.88435856535195,"ili perc","quantile","nat"
"US National",2018-03-10,2018-04-07,4,"60%",0.6,9.88435856535195,"ili perc","quantile","nat"
"US National",2018-03-10,2018-04-07,4,"65%",0.65,9.88435856535195,"ili perc","quantile","nat"
"US National",2018-03-10,2018-04-07,4,"70%",0.7,9.88435856535195,"ili perc","quantile","nat"
"US National",2018-03-10,2018-04-07,4,"75%",0.75,9.88435856535195,"ili perc","quantile","nat"
"US National",2018-03-10,2018-04-07,4,"80%",0.8,9.88435856535195,"ili perc","quantile","nat"
"US National",2018-03-10,2018-04-07,4,"85%",0.85,9.88435856535195,"ili perc","quantile","nat"
"US National",2018-03-10,2018-04-07,4,"90%",0.9,9.88435856535195,"ili perc","quantile","nat"
"US National",2018-03-10,2018-04-07,4,"95%",0.95,9.88435856535195,"ili perc","quantile","nat"
"US National",2018-03-10,2018-04-07,4,"97.5%",0.975,9.88435856535195,"ili perc","quantile","nat"
"US National",2018-03-10,2018-04-07,4,"99%",0.99,9.88435856535195,"ili perc","quantile","nat"
