"location","origin_date","horizon","target_end_date","output_type_id","target","output_type","value"
"HHS Region 1",2020-01-25,1,2020-02-01,0.01,"ili perc","quantile",3.0468283427103
"HHS Region 1",2020-01-25,1,2020-02-01,0.025,"ili perc","quantile",3.31463141304999
"HHS Region 1",2020-01-25,1,2020-02-01,0.05,"ili perc","quantile",3.44089717570184
"HHS Region 1",2020-01-25,1,2020-02-01,0.1,"ili perc","quantile",3.62091572965985
"HHS Region 1",2020-01-25,1,2020-02-01,0.15,"ili perc","quantile",3.76059718447596
"HHS Region 1",2020-01-25,1,2020-02-01,0.2,"ili perc","quantile",3.84059782587374
"HHS Region 1",2020-01-25,1,2020-02-01,0.25,"ili perc","quantile",3.8938436236702
"HHS Region 1",2020-01-25,1,2020-02-01,0.3,"ili perc","quantile",3.9365758831513
"HHS Region 1",2020-01-25,1,2020-02-01,0.35,"ili perc","quantile",4.00790843534459
"HHS Region 1",2020-01-25,1,2020-02-01,0.4,"ili perc","quantile",4.11006073913092
"HHS Region 1",2020-01-25,1,2020-02-01,0.45,"ili perc","quantile",4.17560276250527
"HHS Region 1",2020-01-25,1,2020-02-01,0.5,"ili perc","quantile",4.21730425485634
"HHS Region 1",2020-01-25,1,2020-02-01,0.55,"ili perc","quantile",4.28151168510024
"HHS Region 1",2020-01-25,1,2020-02-01,0.6,"ili perc","quantile",4.33472803303515
"HHS Region 1",2020-01-25,1,2020-02-01,0.65,"ili perc","quantile",4.39180072573653
"HHS Region 1",2020-01-25,1,2020-02-01,0.7,"ili perc","quantile",4.46676660633258
"HHS Region 1",2020-01-25,1,2020-02-01,0.75,"ili perc","quantile",4.59787133648751
"HHS Region 1",2020-01-25,1,2020-02-01,0.8,"ili perc","quantile",4.71463773091137
"HHS Region 1",2020-01-25,1,2020-02-01,0.85,"ili perc","quantile",4.85539245382801
"HHS Region 1",2020-01-25,1,2020-02-01,0.9,"ili perc","quantile",5.12151148842133
"HHS Region 1",2020-01-25,1,2020-02-01,0.95,"ili perc","quantile",5.68210619896564
"HHS Region 1",2020-01-25,1,2020-02-01,0.975,"ili perc","quantile",6.21822511386884
"HHS Region 1",2020-01-25,1,2020-02-01,0.99,"ili perc","quantile",6.52906241285877
"HHS Region 1",2020-01-25,2,2020-02-08,0.01,"ili perc","quantile",2.87913254404246
"HHS Region 1",2020-01-25,2,2020-02-08,0.025,"ili perc","quantile",3.08429299844636
"HHS Region 1",2020-01-25,2,2020-02-08,0.05,"ili perc","quantile",3.17993710847625
"HHS Region 1",2020-01-25,2,2020-02-08,0.1,"ili perc","quantile",3.40384897498679
"HHS Region 1",2020-01-25,2,2020-02-08,0.15,"ili perc","quantile",3.56582774312915
"HHS Region 1",2020-01-25,2,2020-02-08,0.2,"ili perc","quantile",3.7416823322045
"HHS Region 1",2020-01-25,2,2020-02-08,0.25,"ili perc","quantile",3.8463494050234
"HHS Region 1",2020-01-25,2,2020-02-08,0.3,"ili perc","quantile",3.92774400156571
"HHS Region 1",2020-01-25,2,2020-02-08,0.35,"ili perc","quantile",4.06075317616425
"HHS Region 1",2020-01-25,2,2020-02-08,0.4,"ili perc","quantile",4.1114038286473
"HHS Region 1",2020-01-25,2,2020-02-08,0.45,"ili perc","quantile",4.1954854495567
"HHS Region 1",2020-01-25,2,2020-02-08,0.5,"ili perc","quantile",4.27633010978851
"HHS Region 1",2020-01-25,2,2020-02-08,0.55,"ili perc","quantile",4.38731634883193
"HHS Region 1",2020-01-25,2,2020-02-08,0.6,"ili perc","quantile",4.47007889934002
"HHS Region 1",2020-01-25,2,2020-02-08,0.65,"ili perc","quantile",4.57709703454008
"HHS Region 1",2020-01-25,2,2020-02-08,0.7,"ili perc","quantile",4.67401604568567
"HHS Region 1",2020-01-25,2,2020-02-08,0.75,"ili perc","quantile",4.80497586106895
"HHS Region 1",2020-01-25,2,2020-02-08,0.8,"ili perc","quantile",4.98600799560538
"HHS Region 1",2020-01-25,2,2020-02-08,0.85,"ili perc","quantile",5.15052780862467
"HHS Region 1",2020-01-25,2,2020-02-08,0.9,"ili perc","quantile",5.34912581802288
"HHS Region 1",2020-01-25,2,2020-02-08,0.95,"ili perc","quantile",5.77068817476923
"HHS Region 1",2020-01-25,2,2020-02-08,0.975,"ili perc","quantile",6.53723306049267
"HHS Region 1",2020-01-25,2,2020-02-08,0.99,"ili perc","quantile",9.10636351967363
"HHS Region 1",2020-01-25,3,2020-02-15,0.01,"ili perc","quantile",2.65987303195201
"HHS Region 1",2020-01-25,3,2020-02-15,0.025,"ili perc","quantile",2.90065964025698
"HHS Region 1",2020-01-25,3,2020-02-15,0.05,"ili perc","quantile",3.18244074288852
"HHS Region 1",2020-01-25,3,2020-02-15,0.1,"ili perc","quantile",3.50355320520024
"HHS Region 1",2020-01-25,3,2020-02-15,0.15,"ili perc","quantile",3.60952402399159
"HHS Region 1",2020-01-25,3,2020-02-15,0.2,"ili perc","quantile",3.73799948295709
"HHS Region 1",2020-01-25,3,2020-02-15,0.25,"ili perc","quantile",3.82481551396189
"HHS Region 1",2020-01-25,3,2020-02-15,0.3,"ili perc","quantile",3.89272696529251
"HHS Region 1",2020-01-25,3,2020-02-15,0.35,"ili perc","quantile",4.03441086736615
"HHS Region 1",2020-01-25,3,2020-02-15,0.4,"ili perc","quantile",4.12740072763138
"HHS Region 1",2020-01-25,3,2020-02-15,0.45,"ili perc","quantile",4.23349066313288
"HHS Region 1",2020-01-25,3,2020-02-15,0.5,"ili perc","quantile",4.34580701827746
"HHS Region 1",2020-01-25,3,2020-02-15,0.55,"ili perc","quantile",4.45861577953646
"HHS Region 1",2020-01-25,3,2020-02-15,0.6,"ili perc","quantile",4.54841722194511
"HHS Region 1",2020-01-25,3,2020-02-15,0.65,"ili perc","quantile",4.6491114959662
"HHS Region 1",2020-01-25,3,2020-02-15,0.7,"ili perc","quantile",4.75340093688221
"HHS Region 1",2020-01-25,3,2020-02-15,0.75,"ili perc","quantile",4.85624068363544
"HHS Region 1",2020-01-25,3,2020-02-15,0.8,"ili perc","quantile",5.04958682472194
"HHS Region 1",2020-01-25,3,2020-02-15,0.85,"ili perc","quantile",5.32431937929038
"HHS Region 1",2020-01-25,3,2020-02-15,0.9,"ili perc","quantile",5.54653016048902
"HHS Region 1",2020-01-25,3,2020-02-15,0.95,"ili perc","quantile",6.00836984805493
"HHS Region 1",2020-01-25,3,2020-02-15,0.975,"ili perc","quantile",6.86135018743128
"HHS Region 1",2020-01-25,3,2020-02-15,0.99,"ili perc","quantile",8.70905151325565
"HHS Region 1",2020-01-25,4,2020-02-22,0.01,"ili perc","quantile",2.3147760647471
"HHS Region 1",2020-01-25,4,2020-02-22,0.025,"ili perc","quantile",2.70008733798861
"HHS Region 1",2020-01-25,4,2020-02-22,0.05,"ili perc","quantile",3.08629788904909
"HHS Region 1",2020-01-25,4,2020-02-22,0.1,"ili perc","quantile",3.39438878416447
"HHS Region 1",2020-01-25,4,2020-02-22,0.15,"ili perc","quantile",3.50792328018842
"HHS Region 1",2020-01-25,4,2020-02-22,0.2,"ili perc","quantile",3.63604390728981
"HHS Region 1",2020-01-25,4,2020-02-22,0.25,"ili perc","quantile",3.81505114344871
"HHS Region 1",2020-01-25,4,2020-02-22,0.3,"ili perc","quantile",3.97236601573884
"HHS Region 1",2020-01-25,4,2020-02-22,0.35,"ili perc","quantile",4.05571628743647
"HHS Region 1",2020-01-25,4,2020-02-22,0.4,"ili perc","quantile",4.12901703621654
"HHS Region 1",2020-01-25,4,2020-02-22,0.45,"ili perc","quantile",4.22063153419021
"HHS Region 1",2020-01-25,4,2020-02-22,0.5,"ili perc","quantile",4.32784818178494
"HHS Region 1",2020-01-25,4,2020-02-22,0.55,"ili perc","quantile",4.41773490791162
"HHS Region 1",2020-01-25,4,2020-02-22,0.6,"ili perc","quantile",4.55232797257602
"HHS Region 1",2020-01-25,4,2020-02-22,0.65,"ili perc","quantile",4.65547914372748
"HHS Region 1",2020-01-25,4,2020-02-22,0.7,"ili perc","quantile",4.78111808673162
"HHS Region 1",2020-01-25,4,2020-02-22,0.75,"ili perc","quantile",4.93509101520165
"HHS Region 1",2020-01-25,4,2020-02-22,0.8,"ili perc","quantile",5.08600336114933
"HHS Region 1",2020-01-25,4,2020-02-22,0.85,"ili perc","quantile",5.31675832060274
"HHS Region 1",2020-01-25,4,2020-02-22,0.9,"ili perc","quantile",5.71467861092674
"HHS Region 1",2020-01-25,4,2020-02-22,0.95,"ili perc","quantile",6.34522276706806
"HHS Region 1",2020-01-25,4,2020-02-22,0.975,"ili perc","quantile",7.70575313914619
"HHS Region 1",2020-01-25,4,2020-02-22,0.99,"ili perc","quantile",8.25654326378009
"HHS Region 10",2020-01-25,1,2020-02-01,0.01,"ili perc","quantile",1.8524052827368
"HHS Region 10",2020-01-25,1,2020-02-01,0.025,"ili perc","quantile",2.33062997433962
"HHS Region 10",2020-01-25,1,2020-02-01,0.05,"ili perc","quantile",2.56922763815968
"HHS Region 10",2020-01-25,1,2020-02-01,0.1,"ili perc","quantile",2.80112999417048
"HHS Region 10",2020-01-25,1,2020-02-01,0.15,"ili perc","quantile",2.90387122879195
"HHS Region 10",2020-01-25,1,2020-02-01,0.2,"ili perc","quantile",3.0494386122887
"HHS Region 10",2020-01-25,1,2020-02-01,0.25,"ili perc","quantile",3.13417896918171
"HHS Region 10",2020-01-25,1,2020-02-01,0.3,"ili perc","quantile",3.22219250491674
"HHS Region 10",2020-01-25,1,2020-02-01,0.35,"ili perc","quantile",3.31955817629172
"HHS Region 10",2020-01-25,1,2020-02-01,0.4,"ili perc","quantile",3.42769270905289
"HHS Region 10",2020-01-25,1,2020-02-01,0.45,"ili perc","quantile",3.47351701264217
"HHS Region 10",2020-01-25,1,2020-02-01,0.5,"ili perc","quantile",3.57988058201991
"HHS Region 10",2020-01-25,1,2020-02-01,0.55,"ili perc","quantile",3.65819292262325
"HHS Region 10",2020-01-25,1,2020-02-01,0.6,"ili perc","quantile",3.73796450458456
"HHS Region 10",2020-01-25,1,2020-02-01,0.65,"ili perc","quantile",3.85492379696356
"HHS Region 10",2020-01-25,1,2020-02-01,0.7,"ili perc","quantile",3.91236770901889
"HHS Region 10",2020-01-25,1,2020-02-01,0.75,"ili perc","quantile",4.1002813857264
"HHS Region 10",2020-01-25,1,2020-02-01,0.8,"ili perc","quantile",4.34155959326047
"HHS Region 10",2020-01-25,1,2020-02-01,0.85,"ili perc","quantile",4.48916901302974
"HHS Region 10",2020-01-25,1,2020-02-01,0.9,"ili perc","quantile",4.84510101760994
"HHS Region 10",2020-01-25,1,2020-02-01,0.95,"ili perc","quantile",5.99851022754822
"HHS Region 10",2020-01-25,1,2020-02-01,0.975,"ili perc","quantile",6.97039164472974
"HHS Region 10",2020-01-25,1,2020-02-01,0.99,"ili perc","quantile",9.09750651110341
"HHS Region 10",2020-01-25,2,2020-02-08,0.01,"ili perc","quantile",1.9004718549358
"HHS Region 10",2020-01-25,2,2020-02-08,0.025,"ili perc","quantile",2.18921634265838
"HHS Region 10",2020-01-25,2,2020-02-08,0.05,"ili perc","quantile",2.38054297627624
"HHS Region 10",2020-01-25,2,2020-02-08,0.1,"ili perc","quantile",2.69074889472591
"HHS Region 10",2020-01-25,2,2020-02-08,0.15,"ili perc","quantile",2.88425117450141
"HHS Region 10",2020-01-25,2,2020-02-08,0.2,"ili perc","quantile",3.03898489723114
"HHS Region 10",2020-01-25,2,2020-02-08,0.25,"ili perc","quantile",3.10362135091906
"HHS Region 10",2020-01-25,2,2020-02-08,0.3,"ili perc","quantile",3.23623820463294
"HHS Region 10",2020-01-25,2,2020-02-08,0.35,"ili perc","quantile",3.34779543521942
"HHS Region 10",2020-01-25,2,2020-02-08,0.4,"ili perc","quantile",3.44405150416947
"HHS Region 10",2020-01-25,2,2020-02-08,0.45,"ili perc","quantile",3.54940654447532
"HHS Region 10",2020-01-25,2,2020-02-08,0.5,"ili perc","quantile",3.63345795072446
"HHS Region 10",2020-01-25,2,2020-02-08,0.55,"ili perc","quantile",3.71252693442443
"HHS Region 10",2020-01-25,2,2020-02-08,0.6,"ili perc","quantile",3.8535423724656
"HHS Region 10",2020-01-25,2,2020-02-08,0.65,"ili perc","quantile",4.00330020647309
"HHS Region 10",2020-01-25,2,2020-02-08,0.7,"ili perc","quantile",4.16916399565308
"HHS Region 10",2020-01-25,2,2020-02-08,0.75,"ili perc","quantile",4.3379811606481
"HHS Region 10",2020-01-25,2,2020-02-08,0.8,"ili perc","quantile",4.52627188759486
"HHS Region 10",2020-01-25,2,2020-02-08,0.85,"ili perc","quantile",4.89198786899719
"HHS Region 10",2020-01-25,2,2020-02-08,0.9,"ili perc","quantile",5.52781092093129
"HHS Region 10",2020-01-25,2,2020-02-08,0.95,"ili perc","quantile",7.46654314909416
"HHS Region 10",2020-01-25,2,2020-02-08,0.975,"ili perc","quantile",9.64774923608053
"HHS Region 10",2020-01-25,2,2020-02-08,0.99,"ili perc","quantile",10.8698352049618
"HHS Region 10",2020-01-25,3,2020-02-15,0.01,"ili perc","quantile",0.82375086958181
"HHS Region 10",2020-01-25,3,2020-02-15,0.025,"ili perc","quantile",1.77358634440023
"HHS Region 10",2020-01-25,3,2020-02-15,0.05,"ili perc","quantile",2.11225579085245
"HHS Region 10",2020-01-25,3,2020-02-15,0.1,"ili perc","quantile",2.55171404326143
"HHS Region 10",2020-01-25,3,2020-02-15,0.15,"ili perc","quantile",2.77960737012758
"HHS Region 10",2020-01-25,3,2020-02-15,0.2,"ili perc","quantile",2.93880358216535
"HHS Region 10",2020-01-25,3,2020-02-15,0.25,"ili perc","quantile",3.05615998555632
"HHS Region 10",2020-01-25,3,2020-02-15,0.3,"ili perc","quantile",3.17465211534501
"HHS Region 10",2020-01-25,3,2020-02-15,0.35,"ili perc","quantile",3.25367315426866
"HHS Region 10",2020-01-25,3,2020-02-15,0.4,"ili perc","quantile",3.35409413602238
"HHS Region 10",2020-01-25,3,2020-02-15,0.45,"ili perc","quantile",3.43492803408033
"HHS Region 10",2020-01-25,3,2020-02-15,0.5,"ili perc","quantile",3.53297147932145
"HHS Region 10",2020-01-25,3,2020-02-15,0.55,"ili perc","quantile",3.66136955615528
"HHS Region 10",2020-01-25,3,2020-02-15,0.6,"ili perc","quantile",3.81807864278592
"HHS Region 10",2020-01-25,3,2020-02-15,0.65,"ili perc","quantile",3.92930660282619
"HHS Region 10",2020-01-25,3,2020-02-15,0.7,"ili perc","quantile",4.09146592506009
"HHS Region 10",2020-01-25,3,2020-02-15,0.75,"ili perc","quantile",4.30930656944629
"HHS Region 10",2020-01-25,3,2020-02-15,0.8,"ili perc","quantile",4.76155422161314
"HHS Region 10",2020-01-25,3,2020-02-15,0.85,"ili perc","quantile",4.91575467003877
"HHS Region 10",2020-01-25,3,2020-02-15,0.9,"ili perc","quantile",5.54267137644457
"HHS Region 10",2020-01-25,3,2020-02-15,0.95,"ili perc","quantile",6.68870250727742
"HHS Region 10",2020-01-25,3,2020-02-15,0.975,"ili perc","quantile",8.75344258494639
"HHS Region 10",2020-01-25,3,2020-02-15,0.99,"ili perc","quantile",10.039592416549
"HHS Region 10",2020-01-25,4,2020-02-22,0.01,"ili perc","quantile",0.920835575601001
"HHS Region 10",2020-01-25,4,2020-02-22,0.025,"ili perc","quantile",1.52153149888787
"HHS Region 10",2020-01-25,4,2020-02-22,0.05,"ili perc","quantile",1.98452524762265
"HHS Region 10",2020-01-25,4,2020-02-22,0.1,"ili perc","quantile",2.38000520262056
"HHS Region 10",2020-01-25,4,2020-02-22,0.15,"ili perc","quantile",2.66797517952046
"HHS Region 10",2020-01-25,4,2020-02-22,0.2,"ili perc","quantile",2.85777046731292
"HHS Region 10",2020-01-25,4,2020-02-22,0.25,"ili perc","quantile",3.0236145616488
"HHS Region 10",2020-01-25,4,2020-02-22,0.3,"ili perc","quantile",3.15822070972831
"HHS Region 10",2020-01-25,4,2020-02-22,0.35,"ili perc","quantile",3.26244646714724
"HHS Region 10",2020-01-25,4,2020-02-22,0.4,"ili perc","quantile",3.4063991361276
"HHS Region 10",2020-01-25,4,2020-02-22,0.45,"ili perc","quantile",3.54366317884157
"HHS Region 10",2020-01-25,4,2020-02-22,0.5,"ili perc","quantile",3.65685782371207
"HHS Region 10",2020-01-25,4,2020-02-22,0.55,"ili perc","quantile",3.84542560103916
"HHS Region 10",2020-01-25,4,2020-02-22,0.6,"ili perc","quantile",3.94505654018843
"HHS Region 10",2020-01-25,4,2020-02-22,0.65,"ili perc","quantile",4.09913252886949
"HHS Region 10",2020-01-25,4,2020-02-22,0.7,"ili perc","quantile",4.27573322778091
"HHS Region 10",2020-01-25,4,2020-02-22,0.75,"ili perc","quantile",4.50853799254803
"HHS Region 10",2020-01-25,4,2020-02-22,0.8,"ili perc","quantile",4.72485912405998
"HHS Region 10",2020-01-25,4,2020-02-22,0.85,"ili perc","quantile",5.07791206567094
"HHS Region 10",2020-01-25,4,2020-02-22,0.9,"ili perc","quantile",5.56726581303238
"HHS Region 10",2020-01-25,4,2020-02-22,0.95,"ili perc","quantile",6.94484137880502
"HHS Region 10",2020-01-25,4,2020-02-22,0.975,"ili perc","quantile",9.01162133078078
"HHS Region 10",2020-01-25,4,2020-02-22,0.99,"ili perc","quantile",10.425105744863
"HHS Region 2",2020-01-25,1,2020-02-01,0.01,"ili perc","quantile",4.44659620127585
"HHS Region 2",2020-01-25,1,2020-02-01,0.025,"ili perc","quantile",4.60870604258479
"HHS Region 2",2020-01-25,1,2020-02-01,0.05,"ili perc","quantile",4.814015005775
"HHS Region 2",2020-01-25,1,2020-02-01,0.1,"ili perc","quantile",5.03181748326992
"HHS Region 2",2020-01-25,1,2020-02-01,0.15,"ili perc","quantile",5.1702896940695
"HHS Region 2",2020-01-25,1,2020-02-01,0.2,"ili perc","quantile",5.27916281336227
"HHS Region 2",2020-01-25,1,2020-02-01,0.25,"ili perc","quantile",5.40554791135994
"HHS Region 2",2020-01-25,1,2020-02-01,0.3,"ili perc","quantile",5.50931227236268
"HHS Region 2",2020-01-25,1,2020-02-01,0.35,"ili perc","quantile",5.59565249022869
"HHS Region 2",2020-01-25,1,2020-02-01,0.4,"ili perc","quantile",5.70194693754428
"HHS Region 2",2020-01-25,1,2020-02-01,0.45,"ili perc","quantile",5.77880618956168
"HHS Region 2",2020-01-25,1,2020-02-01,0.5,"ili perc","quantile",5.86695221344229
"HHS Region 2",2020-01-25,1,2020-02-01,0.55,"ili perc","quantile",6.01405941121668
"HHS Region 2",2020-01-25,1,2020-02-01,0.6,"ili perc","quantile",6.09730775758269
"HHS Region 2",2020-01-25,1,2020-02-01,0.65,"ili perc","quantile",6.21793755500042
"HHS Region 2",2020-01-25,1,2020-02-01,0.7,"ili perc","quantile",6.41631443632245
"HHS Region 2",2020-01-25,1,2020-02-01,0.75,"ili perc","quantile",6.5383433601951
"HHS Region 2",2020-01-25,1,2020-02-01,0.8,"ili perc","quantile",6.74999447141772
"HHS Region 2",2020-01-25,1,2020-02-01,0.85,"ili perc","quantile",6.90127805434448
"HHS Region 2",2020-01-25,1,2020-02-01,0.9,"ili perc","quantile",7.02269088513403
"HHS Region 2",2020-01-25,1,2020-02-01,0.95,"ili perc","quantile",7.41087719808992
"HHS Region 2",2020-01-25,1,2020-02-01,0.975,"ili perc","quantile",7.79983486477441
"HHS Region 2",2020-01-25,1,2020-02-01,0.99,"ili perc","quantile",9.31061726735698
"HHS Region 2",2020-01-25,2,2020-02-08,0.01,"ili perc","quantile",3.94243452313446
"HHS Region 2",2020-01-25,2,2020-02-08,0.025,"ili perc","quantile",4.19057700990882
"HHS Region 2",2020-01-25,2,2020-02-08,0.05,"ili perc","quantile",4.40800124616993
"HHS Region 2",2020-01-25,2,2020-02-08,0.1,"ili perc","quantile",4.82238938928583
"HHS Region 2",2020-01-25,2,2020-02-08,0.15,"ili perc","quantile",5.07825106960023
"HHS Region 2",2020-01-25,2,2020-02-08,0.2,"ili perc","quantile",5.25901792945978
"HHS Region 2",2020-01-25,2,2020-02-08,0.25,"ili perc","quantile",5.41554755233782
"HHS Region 2",2020-01-25,2,2020-02-08,0.3,"ili perc","quantile",5.55253113713873
"HHS Region 2",2020-01-25,2,2020-02-08,0.35,"ili perc","quantile",5.70872184932248
"HHS Region 2",2020-01-25,2,2020-02-08,0.4,"ili perc","quantile",5.81292974135638
"HHS Region 2",2020-01-25,2,2020-02-08,0.45,"ili perc","quantile",5.95536409998803
"HHS Region 2",2020-01-25,2,2020-02-08,0.5,"ili perc","quantile",6.08807846424512
"HHS Region 2",2020-01-25,2,2020-02-08,0.55,"ili perc","quantile",6.27178373051663
"HHS Region 2",2020-01-25,2,2020-02-08,0.6,"ili perc","quantile",6.41661595872107
"HHS Region 2",2020-01-25,2,2020-02-08,0.65,"ili perc","quantile",6.57353132183992
"HHS Region 2",2020-01-25,2,2020-02-08,0.7,"ili perc","quantile",6.6803040257671
"HHS Region 2",2020-01-25,2,2020-02-08,0.75,"ili perc","quantile",6.82670386801767
"HHS Region 2",2020-01-25,2,2020-02-08,0.8,"ili perc","quantile",7.05631828784886
"HHS Region 2",2020-01-25,2,2020-02-08,0.85,"ili perc","quantile",7.23049013237332
"HHS Region 2",2020-01-25,2,2020-02-08,0.9,"ili perc","quantile",7.59412019415293
"HHS Region 2",2020-01-25,2,2020-02-08,0.95,"ili perc","quantile",8.26806154778118
"HHS Region 2",2020-01-25,2,2020-02-08,0.975,"ili perc","quantile",9.35549739718786
"HHS Region 2",2020-01-25,2,2020-02-08,0.99,"ili perc","quantile",11.1399930918273
"HHS Region 2",2020-01-25,3,2020-02-15,0.01,"ili perc","quantile",3.23224012828872
"HHS Region 2",2020-01-25,3,2020-02-15,0.025,"ili perc","quantile",3.88946799003328
"HHS Region 2",2020-01-25,3,2020-02-15,0.05,"ili perc","quantile",4.26512091599435
"HHS Region 2",2020-01-25,3,2020-02-15,0.1,"ili perc","quantile",4.61522164395441
"HHS Region 2",2020-01-25,3,2020-02-15,0.15,"ili perc","quantile",4.83979690876079
"HHS Region 2",2020-01-25,3,2020-02-15,0.2,"ili perc","quantile",5.05388453716225
"HHS Region 2",2020-01-25,3,2020-02-15,0.25,"ili perc","quantile",5.29036316644733
"HHS Region 2",2020-01-25,3,2020-02-15,0.3,"ili perc","quantile",5.49357014589144
"HHS Region 2",2020-01-25,3,2020-02-15,0.35,"ili perc","quantile",5.60813820502883
"HHS Region 2",2020-01-25,3,2020-02-15,0.4,"ili perc","quantile",5.7438083389003
"HHS Region 2",2020-01-25,3,2020-02-15,0.45,"ili perc","quantile",6.00079337965133
"HHS Region 2",2020-01-25,3,2020-02-15,0.5,"ili perc","quantile",6.14459172909135
"HHS Region 2",2020-01-25,3,2020-02-15,0.55,"ili perc","quantile",6.26605633641213
"HHS Region 2",2020-01-25,3,2020-02-15,0.6,"ili perc","quantile",6.53128379305504
"HHS Region 2",2020-01-25,3,2020-02-15,0.65,"ili perc","quantile",6.67300897416218
"HHS Region 2",2020-01-25,3,2020-02-15,0.7,"ili perc","quantile",6.82936637781578
"HHS Region 2",2020-01-25,3,2020-02-15,0.75,"ili perc","quantile",6.98580800842058
"HHS Region 2",2020-01-25,3,2020-02-15,0.8,"ili perc","quantile",7.22047673143843
"HHS Region 2",2020-01-25,3,2020-02-15,0.85,"ili perc","quantile",7.61080235470649
"HHS Region 2",2020-01-25,3,2020-02-15,0.9,"ili perc","quantile",8.19844455346731
"HHS Region 2",2020-01-25,3,2020-02-15,0.95,"ili perc","quantile",8.88108747147156
"HHS Region 2",2020-01-25,3,2020-02-15,0.975,"ili perc","quantile",9.55617350871406
"HHS Region 2",2020-01-25,3,2020-02-15,0.99,"ili perc","quantile",9.87686344500973
"HHS Region 2",2020-01-25,4,2020-02-22,0.01,"ili perc","quantile",3.27958761977903
"HHS Region 2",2020-01-25,4,2020-02-22,0.025,"ili perc","quantile",3.78165242253909
"HHS Region 2",2020-01-25,4,2020-02-22,0.05,"ili perc","quantile",4.06896599712008
"HHS Region 2",2020-01-25,4,2020-02-22,0.1,"ili perc","quantile",4.51779339093242
"HHS Region 2",2020-01-25,4,2020-02-22,0.15,"ili perc","quantile",4.75026170454588
"HHS Region 2",2020-01-25,4,2020-02-22,0.2,"ili perc","quantile",4.99995699406177
"HHS Region 2",2020-01-25,4,2020-02-22,0.25,"ili perc","quantile",5.18440949683843
"HHS Region 2",2020-01-25,4,2020-02-22,0.3,"ili perc","quantile",5.33369561149451
"HHS Region 2",2020-01-25,4,2020-02-22,0.35,"ili perc","quantile",5.54048193199828
"HHS Region 2",2020-01-25,4,2020-02-22,0.4,"ili perc","quantile",5.70585930436956
"HHS Region 2",2020-01-25,4,2020-02-22,0.45,"ili perc","quantile",5.82530724550493
"HHS Region 2",2020-01-25,4,2020-02-22,0.5,"ili perc","quantile",6.01960748890895
"HHS Region 2",2020-01-25,4,2020-02-22,0.55,"ili perc","quantile",6.1412684208391
"HHS Region 2",2020-01-25,4,2020-02-22,0.6,"ili perc","quantile",6.39826568779515
"HHS Region 2",2020-01-25,4,2020-02-22,0.65,"ili perc","quantile",6.58647077891841
"HHS Region 2",2020-01-25,4,2020-02-22,0.7,"ili perc","quantile",6.74715375785452
"HHS Region 2",2020-01-25,4,2020-02-22,0.75,"ili perc","quantile",6.93730201909363
"HHS Region 2",2020-01-25,4,2020-02-22,0.8,"ili perc","quantile",7.2180286436263
"HHS Region 2",2020-01-25,4,2020-02-22,0.85,"ili perc","quantile",7.67950729947465
"HHS Region 2",2020-01-25,4,2020-02-22,0.9,"ili perc","quantile",8.10300531780985
"HHS Region 2",2020-01-25,4,2020-02-22,0.95,"ili perc","quantile",8.71518371899524
"HHS Region 2",2020-01-25,4,2020-02-22,0.975,"ili perc","quantile",9.8206247776333
"HHS Region 2",2020-01-25,4,2020-02-22,0.99,"ili perc","quantile",10.1427473912617
"HHS Region 3",2020-01-25,1,2020-02-01,0.01,"ili perc","quantile",3.2607859967276
"HHS Region 3",2020-01-25,1,2020-02-01,0.025,"ili perc","quantile",3.54976273787312
"HHS Region 3",2020-01-25,1,2020-02-01,0.05,"ili perc","quantile",3.80923811063157
"HHS Region 3",2020-01-25,1,2020-02-01,0.1,"ili perc","quantile",4.02082887135647
"HHS Region 3",2020-01-25,1,2020-02-01,0.15,"ili perc","quantile",4.18441710822588
"HHS Region 3",2020-01-25,1,2020-02-01,0.2,"ili perc","quantile",4.28718451383278
"HHS Region 3",2020-01-25,1,2020-02-01,0.25,"ili perc","quantile",4.32096831142154
"HHS Region 3",2020-01-25,1,2020-02-01,0.3,"ili perc","quantile",4.41558368517269
"HHS Region 3",2020-01-25,1,2020-02-01,0.35,"ili perc","quantile",4.54073711575143
"HHS Region 3",2020-01-25,1,2020-02-01,0.4,"ili perc","quantile",4.60344487351915
"HHS Region 3",2020-01-25,1,2020-02-01,0.45,"ili perc","quantile",4.6657656657384
"HHS Region 3",2020-01-25,1,2020-02-01,0.5,"ili perc","quantile",4.75983279281444
"HHS Region 3",2020-01-25,1,2020-02-01,0.55,"ili perc","quantile",4.84106118365191
"HHS Region 3",2020-01-25,1,2020-02-01,0.6,"ili perc","quantile",4.89438824771124
"HHS Region 3",2020-01-25,1,2020-02-01,0.65,"ili perc","quantile",4.98602349913151
"HHS Region 3",2020-01-25,1,2020-02-01,0.7,"ili perc","quantile",5.07012710977849
"HHS Region 3",2020-01-25,1,2020-02-01,0.75,"ili perc","quantile",5.1575965284792
"HHS Region 3",2020-01-25,1,2020-02-01,0.8,"ili perc","quantile",5.28537369160875
"HHS Region 3",2020-01-25,1,2020-02-01,0.85,"ili perc","quantile",5.40681774527088
"HHS Region 3",2020-01-25,1,2020-02-01,0.9,"ili perc","quantile",5.63235320630847
"HHS Region 3",2020-01-25,1,2020-02-01,0.95,"ili perc","quantile",5.8541713351431
"HHS Region 3",2020-01-25,1,2020-02-01,0.975,"ili perc","quantile",6.61448402288308
"HHS Region 3",2020-01-25,1,2020-02-01,0.99,"ili perc","quantile",7.15300039383434
"HHS Region 3",2020-01-25,2,2020-02-08,0.01,"ili perc","quantile",2.75637117748627
"HHS Region 3",2020-01-25,2,2020-02-08,0.025,"ili perc","quantile",3.09855339930614
"HHS Region 3",2020-01-25,2,2020-02-08,0.05,"ili perc","quantile",3.44154553511069
"HHS Region 3",2020-01-25,2,2020-02-08,0.1,"ili perc","quantile",3.75118169040004
"HHS Region 3",2020-01-25,2,2020-02-08,0.15,"ili perc","quantile",4.01086855421314
"HHS Region 3",2020-01-25,2,2020-02-08,0.2,"ili perc","quantile",4.16945698125329
"HHS Region 3",2020-01-25,2,2020-02-08,0.25,"ili perc","quantile",4.26467727483143
"HHS Region 3",2020-01-25,2,2020-02-08,0.3,"ili perc","quantile",4.36922253983308
"HHS Region 3",2020-01-25,2,2020-02-08,0.35,"ili perc","quantile",4.46660316035381
"HHS Region 3",2020-01-25,2,2020-02-08,0.4,"ili perc","quantile",4.5870924943639
"HHS Region 3",2020-01-25,2,2020-02-08,0.45,"ili perc","quantile",4.69995775922928
"HHS Region 3",2020-01-25,2,2020-02-08,0.5,"ili perc","quantile",4.76171772137586
"HHS Region 3",2020-01-25,2,2020-02-08,0.55,"ili perc","quantile",4.85636676790582
"HHS Region 3",2020-01-25,2,2020-02-08,0.6,"ili perc","quantile",4.96897278855398
"HHS Region 3",2020-01-25,2,2020-02-08,0.65,"ili perc","quantile",5.1370486197105
"HHS Region 3",2020-01-25,2,2020-02-08,0.7,"ili perc","quantile",5.2472990478489
"HHS Region 3",2020-01-25,2,2020-02-08,0.75,"ili perc","quantile",5.41023654285204
"HHS Region 3",2020-01-25,2,2020-02-08,0.8,"ili perc","quantile",5.70053496530695
"HHS Region 3",2020-01-25,2,2020-02-08,0.85,"ili perc","quantile",5.82700924713093
"HHS Region 3",2020-01-25,2,2020-02-08,0.9,"ili perc","quantile",6.3190977917159
"HHS Region 3",2020-01-25,2,2020-02-08,0.95,"ili perc","quantile",7.16953861432384
"HHS Region 3",2020-01-25,2,2020-02-08,0.975,"ili perc","quantile",7.96680076611249
"HHS Region 3",2020-01-25,2,2020-02-08,0.99,"ili perc","quantile",8.5688221212021
"HHS Region 3",2020-01-25,3,2020-02-15,0.01,"ili perc","quantile",2.18018765975473
"HHS Region 3",2020-01-25,3,2020-02-15,0.025,"ili perc","quantile",2.95834867846566
"HHS Region 3",2020-01-25,3,2020-02-15,0.05,"ili perc","quantile",3.22894158551075
"HHS Region 3",2020-01-25,3,2020-02-15,0.1,"ili perc","quantile",3.61588159231143
"HHS Region 3",2020-01-25,3,2020-02-15,0.15,"ili perc","quantile",3.8239448664386
"HHS Region 3",2020-01-25,3,2020-02-15,0.2,"ili perc","quantile",4.06563101890408
"HHS Region 3",2020-01-25,3,2020-02-15,0.25,"ili perc","quantile",4.16039864352999
"HHS Region 3",2020-01-25,3,2020-02-15,0.3,"ili perc","quantile",4.26580501751816
"HHS Region 3",2020-01-25,3,2020-02-15,0.35,"ili perc","quantile",4.43362003128229
"HHS Region 3",2020-01-25,3,2020-02-15,0.4,"ili perc","quantile",4.52368275593121
"HHS Region 3",2020-01-25,3,2020-02-15,0.45,"ili perc","quantile",4.62839794532531
"HHS Region 3",2020-01-25,3,2020-02-15,0.5,"ili perc","quantile",4.78395734017002
"HHS Region 3",2020-01-25,3,2020-02-15,0.55,"ili perc","quantile",4.89057569083116
"HHS Region 3",2020-01-25,3,2020-02-15,0.6,"ili perc","quantile",5.00221151740528
"HHS Region 3",2020-01-25,3,2020-02-15,0.65,"ili perc","quantile",5.11579747635387
"HHS Region 3",2020-01-25,3,2020-02-15,0.7,"ili perc","quantile",5.18725765918825
"HHS Region 3",2020-01-25,3,2020-02-15,0.75,"ili perc","quantile",5.41696552086567
"HHS Region 3",2020-01-25,3,2020-02-15,0.8,"ili perc","quantile",5.66571989280101
"HHS Region 3",2020-01-25,3,2020-02-15,0.85,"ili perc","quantile",5.96023405544153
"HHS Region 3",2020-01-25,3,2020-02-15,0.9,"ili perc","quantile",6.37287658716919
"HHS Region 3",2020-01-25,3,2020-02-15,0.95,"ili perc","quantile",7.96841392364497
"HHS Region 3",2020-01-25,3,2020-02-15,0.975,"ili perc","quantile",8.35053758700553
"HHS Region 3",2020-01-25,3,2020-02-15,0.99,"ili perc","quantile",8.96404050750927
"HHS Region 3",2020-01-25,4,2020-02-22,0.01,"ili perc","quantile",2.09642249498732
"HHS Region 3",2020-01-25,4,2020-02-22,0.025,"ili perc","quantile",2.53615275183094
"HHS Region 3",2020-01-25,4,2020-02-22,0.05,"ili perc","quantile",2.99492046196312
"HHS Region 3",2020-01-25,4,2020-02-22,0.1,"ili perc","quantile",3.29010858107686
"HHS Region 3",2020-01-25,4,2020-02-22,0.15,"ili perc","quantile",3.69541858944669
"HHS Region 3",2020-01-25,4,2020-02-22,0.2,"ili perc","quantile",3.95323971020275
"HHS Region 3",2020-01-25,4,2020-02-22,0.25,"ili perc","quantile",4.12152603653016
"HHS Region 3",2020-01-25,4,2020-02-22,0.3,"ili perc","quantile",4.26116641417161
"HHS Region 3",2020-01-25,4,2020-02-22,0.35,"ili perc","quantile",4.40045245367338
"HHS Region 3",2020-01-25,4,2020-02-22,0.4,"ili perc","quantile",4.48606991992907
"HHS Region 3",2020-01-25,4,2020-02-22,0.45,"ili perc","quantile",4.75161871676975
"HHS Region 3",2020-01-25,4,2020-02-22,0.5,"ili perc","quantile",4.9017653233669
"HHS Region 3",2020-01-25,4,2020-02-22,0.55,"ili perc","quantile",5.01399726201427
"HHS Region 3",2020-01-25,4,2020-02-22,0.6,"ili perc","quantile",5.12507938859961
"HHS Region 3",2020-01-25,4,2020-02-22,0.65,"ili perc","quantile",5.2214015007357
"HHS Region 3",2020-01-25,4,2020-02-22,0.7,"ili perc","quantile",5.42534025870461
"HHS Region 3",2020-01-25,4,2020-02-22,0.75,"ili perc","quantile",5.56590253351547
"HHS Region 3",2020-01-25,4,2020-02-22,0.8,"ili perc","quantile",5.83333142249132
"HHS Region 3",2020-01-25,4,2020-02-22,0.85,"ili perc","quantile",6.17240490296246
"HHS Region 3",2020-01-25,4,2020-02-22,0.9,"ili perc","quantile",6.61845760456251
"HHS Region 3",2020-01-25,4,2020-02-22,0.95,"ili perc","quantile",6.90898612694653
"HHS Region 3",2020-01-25,4,2020-02-22,0.975,"ili perc","quantile",7.6236122422602
"HHS Region 3",2020-01-25,4,2020-02-22,0.99,"ili perc","quantile",8.47367242732644
"HHS Region 4",2020-01-25,1,2020-02-01,0.01,"ili perc","quantile",3.53751755211674
"HHS Region 4",2020-01-25,1,2020-02-01,0.025,"ili perc","quantile",3.70321184149555
"HHS Region 4",2020-01-25,1,2020-02-01,0.05,"ili perc","quantile",3.87278547375751
"HHS Region 4",2020-01-25,1,2020-02-01,0.1,"ili perc","quantile",4.08685291593918
"HHS Region 4",2020-01-25,1,2020-02-01,0.15,"ili perc","quantile",4.19762220047315
"HHS Region 4",2020-01-25,1,2020-02-01,0.2,"ili perc","quantile",4.2905815132334
"HHS Region 4",2020-01-25,1,2020-02-01,0.25,"ili perc","quantile",4.36994929469864
"HHS Region 4",2020-01-25,1,2020-02-01,0.3,"ili perc","quantile",4.45736808024724
"HHS Region 4",2020-01-25,1,2020-02-01,0.35,"ili perc","quantile",4.52864690628501
"HHS Region 4",2020-01-25,1,2020-02-01,0.4,"ili perc","quantile",4.62300881480833
"HHS Region 4",2020-01-25,1,2020-02-01,0.45,"ili perc","quantile",4.67763563660007
"HHS Region 4",2020-01-25,1,2020-02-01,0.5,"ili perc","quantile",4.71741989476049
"HHS Region 4",2020-01-25,1,2020-02-01,0.55,"ili perc","quantile",4.78302907547399
"HHS Region 4",2020-01-25,1,2020-02-01,0.6,"ili perc","quantile",4.86550025152965
"HHS Region 4",2020-01-25,1,2020-02-01,0.65,"ili perc","quantile",4.97004091673795
"HHS Region 4",2020-01-25,1,2020-02-01,0.7,"ili perc","quantile",5.03265835124274
"HHS Region 4",2020-01-25,1,2020-02-01,0.75,"ili perc","quantile",5.12977678563053
"HHS Region 4",2020-01-25,1,2020-02-01,0.8,"ili perc","quantile",5.24720678625288
"HHS Region 4",2020-01-25,1,2020-02-01,0.85,"ili perc","quantile",5.33893078589207
"HHS Region 4",2020-01-25,1,2020-02-01,0.9,"ili perc","quantile",5.54808709620327
"HHS Region 4",2020-01-25,1,2020-02-01,0.95,"ili perc","quantile",5.89187461964851
"HHS Region 4",2020-01-25,1,2020-02-01,0.975,"ili perc","quantile",6.58510100934611
"HHS Region 4",2020-01-25,1,2020-02-01,0.99,"ili perc","quantile",7.18300003008669
"HHS Region 4",2020-01-25,2,2020-02-08,0.01,"ili perc","quantile",3.07835326561959
"HHS Region 4",2020-01-25,2,2020-02-08,0.025,"ili perc","quantile",3.20458349494453
"HHS Region 4",2020-01-25,2,2020-02-08,0.05,"ili perc","quantile",3.60212536476389
"HHS Region 4",2020-01-25,2,2020-02-08,0.1,"ili perc","quantile",3.95695858004638
"HHS Region 4",2020-01-25,2,2020-02-08,0.15,"ili perc","quantile",4.07414215572681
"HHS Region 4",2020-01-25,2,2020-02-08,0.2,"ili perc","quantile",4.2057618897051
"HHS Region 4",2020-01-25,2,2020-02-08,0.25,"ili perc","quantile",4.31667528609319
"HHS Region 4",2020-01-25,2,2020-02-08,0.3,"ili perc","quantile",4.38122519084905
"HHS Region 4",2020-01-25,2,2020-02-08,0.35,"ili perc","quantile",4.45817161193079
"HHS Region 4",2020-01-25,2,2020-02-08,0.4,"ili perc","quantile",4.55441722856837
"HHS Region 4",2020-01-25,2,2020-02-08,0.45,"ili perc","quantile",4.692051133485
"HHS Region 4",2020-01-25,2,2020-02-08,0.5,"ili perc","quantile",4.75089854843018
"HHS Region 4",2020-01-25,2,2020-02-08,0.55,"ili perc","quantile",4.83807075767909
"HHS Region 4",2020-01-25,2,2020-02-08,0.6,"ili perc","quantile",4.9345350585723
"HHS Region 4",2020-01-25,2,2020-02-08,0.65,"ili perc","quantile",5.05376406888623
"HHS Region 4",2020-01-25,2,2020-02-08,0.7,"ili perc","quantile",5.13620608918869
"HHS Region 4",2020-01-25,2,2020-02-08,0.75,"ili perc","quantile",5.24166047502808
"HHS Region 4",2020-01-25,2,2020-02-08,0.8,"ili perc","quantile",5.56469127047537
"HHS Region 4",2020-01-25,2,2020-02-08,0.85,"ili perc","quantile",5.82957491495953
"HHS Region 4",2020-01-25,2,2020-02-08,0.9,"ili perc","quantile",6.16453157757229
"HHS Region 4",2020-01-25,2,2020-02-08,0.95,"ili perc","quantile",6.64577533115586
"HHS Region 4",2020-01-25,2,2020-02-08,0.975,"ili perc","quantile",7.6209693405717
"HHS Region 4",2020-01-25,2,2020-02-08,0.99,"ili perc","quantile",7.81230737435362
"HHS Region 4",2020-01-25,3,2020-02-15,0.01,"ili perc","quantile",2.39050437734137
"HHS Region 4",2020-01-25,3,2020-02-15,0.025,"ili perc","quantile",2.88066109795021
"HHS Region 4",2020-01-25,3,2020-02-15,0.05,"ili perc","quantile",3.33466842311425
"HHS Region 4",2020-01-25,3,2020-02-15,0.1,"ili perc","quantile",3.78603079887903
"HHS Region 4",2020-01-25,3,2020-02-15,0.15,"ili perc","quantile",3.94645702303984
"HHS Region 4",2020-01-25,3,2020-02-15,0.2,"ili perc","quantile",4.0900162725319
"HHS Region 4",2020-01-25,3,2020-02-15,0.25,"ili perc","quantile",4.18623082500897
"HHS Region 4",2020-01-25,3,2020-02-15,0.3,"ili perc","quantile",4.28489922327166
"HHS Region 4",2020-01-25,3,2020-02-15,0.35,"ili perc","quantile",4.4182882522905
"HHS Region 4",2020-01-25,3,2020-02-15,0.4,"ili perc","quantile",4.54588968088192
"HHS Region 4",2020-01-25,3,2020-02-15,0.45,"ili perc","quantile",4.62983771862182
"HHS Region 4",2020-01-25,3,2020-02-15,0.5,"ili perc","quantile",4.73827572233341
"HHS Region 4",2020-01-25,3,2020-02-15,0.55,"ili perc","quantile",4.88837632313642
"HHS Region 4",2020-01-25,3,2020-02-15,0.6,"ili perc","quantile",5.05190475437766
"HHS Region 4",2020-01-25,3,2020-02-15,0.65,"ili perc","quantile",5.17525033468643
"HHS Region 4",2020-01-25,3,2020-02-15,0.7,"ili perc","quantile",5.36994441711954
"HHS Region 4",2020-01-25,3,2020-02-15,0.75,"ili perc","quantile",5.51480042345545
"HHS Region 4",2020-01-25,3,2020-02-15,0.8,"ili perc","quantile",5.69471113041298
"HHS Region 4",2020-01-25,3,2020-02-15,0.85,"ili perc","quantile",5.878193078999
"HHS Region 4",2020-01-25,3,2020-02-15,0.9,"ili perc","quantile",6.1759425750186
"HHS Region 4",2020-01-25,3,2020-02-15,0.95,"ili perc","quantile",6.81472642349623
"HHS Region 4",2020-01-25,3,2020-02-15,0.975,"ili perc","quantile",7.58197241788982
"HHS Region 4",2020-01-25,3,2020-02-15,0.99,"ili perc","quantile",7.93317269265074
"HHS Region 4",2020-01-25,4,2020-02-22,0.01,"ili perc","quantile",2.32310315701597
"HHS Region 4",2020-01-25,4,2020-02-22,0.025,"ili perc","quantile",2.63623365939107
"HHS Region 4",2020-01-25,4,2020-02-22,0.05,"ili perc","quantile",2.94766832719787
"HHS Region 4",2020-01-25,4,2020-02-22,0.1,"ili perc","quantile",3.38035320998302
"HHS Region 4",2020-01-25,4,2020-02-22,0.15,"ili perc","quantile",3.69223684201185
"HHS Region 4",2020-01-25,4,2020-02-22,0.2,"ili perc","quantile",3.87337622883524
"HHS Region 4",2020-01-25,4,2020-02-22,0.25,"ili perc","quantile",4.03176025787028
"HHS Region 4",2020-01-25,4,2020-02-22,0.3,"ili perc","quantile",4.1307021953416
"HHS Region 4",2020-01-25,4,2020-02-22,0.35,"ili perc","quantile",4.24950287955758
"HHS Region 4",2020-01-25,4,2020-02-22,0.4,"ili perc","quantile",4.45166710138655
"HHS Region 4",2020-01-25,4,2020-02-22,0.45,"ili perc","quantile",4.58045618017792
"HHS Region 4",2020-01-25,4,2020-02-22,0.5,"ili perc","quantile",4.75353616982858
"HHS Region 4",2020-01-25,4,2020-02-22,0.55,"ili perc","quantile",4.87173817391377
"HHS Region 4",2020-01-25,4,2020-02-22,0.6,"ili perc","quantile",4.98805687306385
"HHS Region 4",2020-01-25,4,2020-02-22,0.65,"ili perc","quantile",5.22602986923322
"HHS Region 4",2020-01-25,4,2020-02-22,0.7,"ili perc","quantile",5.44454521852679
"HHS Region 4",2020-01-25,4,2020-02-22,0.75,"ili perc","quantile",5.70663511689776
"HHS Region 4",2020-01-25,4,2020-02-22,0.8,"ili perc","quantile",5.86164980001547
"HHS Region 4",2020-01-25,4,2020-02-22,0.85,"ili perc","quantile",6.18674324699847
"HHS Region 4",2020-01-25,4,2020-02-22,0.9,"ili perc","quantile",6.57593893005941
"HHS Region 4",2020-01-25,4,2020-02-22,0.95,"ili perc","quantile",7.30536682441943
"HHS Region 4",2020-01-25,4,2020-02-22,0.975,"ili perc","quantile",8.09446540584055
"HHS Region 4",2020-01-25,4,2020-02-22,0.99,"ili perc","quantile",9.96366956036867
"HHS Region 5",2020-01-25,1,2020-02-01,0.01,"ili perc","quantile",2.57677283341751
"HHS Region 5",2020-01-25,1,2020-02-01,0.025,"ili perc","quantile",2.71724305809911
"HHS Region 5",2020-01-25,1,2020-02-01,0.05,"ili perc","quantile",3.02817226780022
"HHS Region 5",2020-01-25,1,2020-02-01,0.1,"ili perc","quantile",3.21033055681132
"HHS Region 5",2020-01-25,1,2020-02-01,0.15,"ili perc","quantile",3.29593381106571
"HHS Region 5",2020-01-25,1,2020-02-01,0.2,"ili perc","quantile",3.39113270554194
"HHS Region 5",2020-01-25,1,2020-02-01,0.25,"ili perc","quantile",3.48383922352395
"HHS Region 5",2020-01-25,1,2020-02-01,0.3,"ili perc","quantile",3.54530155822332
"HHS Region 5",2020-01-25,1,2020-02-01,0.35,"ili perc","quantile",3.59393003551088
"HHS Region 5",2020-01-25,1,2020-02-01,0.4,"ili perc","quantile",3.61923261931947
"HHS Region 5",2020-01-25,1,2020-02-01,0.45,"ili perc","quantile",3.64428224842162
"HHS Region 5",2020-01-25,1,2020-02-01,0.5,"ili perc","quantile",3.69419391836493
"HHS Region 5",2020-01-25,1,2020-02-01,0.55,"ili perc","quantile",3.7532373734128
"HHS Region 5",2020-01-25,1,2020-02-01,0.6,"ili perc","quantile",3.78825236428742
"HHS Region 5",2020-01-25,1,2020-02-01,0.65,"ili perc","quantile",3.86866017617114
"HHS Region 5",2020-01-25,1,2020-02-01,0.7,"ili perc","quantile",3.90259825588536
"HHS Region 5",2020-01-25,1,2020-02-01,0.75,"ili perc","quantile",3.9950330226592
"HHS Region 5",2020-01-25,1,2020-02-01,0.8,"ili perc","quantile",4.06537603752402
"HHS Region 5",2020-01-25,1,2020-02-01,0.85,"ili perc","quantile",4.13540278216444
"HHS Region 5",2020-01-25,1,2020-02-01,0.9,"ili perc","quantile",4.46182253434487
"HHS Region 5",2020-01-25,1,2020-02-01,0.95,"ili perc","quantile",4.92780102580836
"HHS Region 5",2020-01-25,1,2020-02-01,0.975,"ili perc","quantile",5.84311537229212
"HHS Region 5",2020-01-25,1,2020-02-01,0.99,"ili perc","quantile",7.48299224316543
"HHS Region 5",2020-01-25,2,2020-02-08,0.01,"ili perc","quantile",2.42664863493057
"HHS Region 5",2020-01-25,2,2020-02-08,0.025,"ili perc","quantile",2.62886409456337
"HHS Region 5",2020-01-25,2,2020-02-08,0.05,"ili perc","quantile",2.85265507996517
"HHS Region 5",2020-01-25,2,2020-02-08,0.1,"ili perc","quantile",3.05510485868594
"HHS Region 5",2020-01-25,2,2020-02-08,0.15,"ili perc","quantile",3.24401822495107
"HHS Region 5",2020-01-25,2,2020-02-08,0.2,"ili perc","quantile",3.34985811869681
"HHS Region 5",2020-01-25,2,2020-02-08,0.25,"ili perc","quantile",3.451687167452
"HHS Region 5",2020-01-25,2,2020-02-08,0.3,"ili perc","quantile",3.53407617341219
"HHS Region 5",2020-01-25,2,2020-02-08,0.35,"ili perc","quantile",3.61323914595163
"HHS Region 5",2020-01-25,2,2020-02-08,0.4,"ili perc","quantile",3.67420731236163
"HHS Region 5",2020-01-25,2,2020-02-08,0.45,"ili perc","quantile",3.73110324352298
"HHS Region 5",2020-01-25,2,2020-02-08,0.5,"ili perc","quantile",3.7801210996754
"HHS Region 5",2020-01-25,2,2020-02-08,0.55,"ili perc","quantile",3.85243501445912
"HHS Region 5",2020-01-25,2,2020-02-08,0.6,"ili perc","quantile",3.9463490660863
"HHS Region 5",2020-01-25,2,2020-02-08,0.65,"ili perc","quantile",4.03289608957467
"HHS Region 5",2020-01-25,2,2020-02-08,0.7,"ili perc","quantile",4.09743962378447
"HHS Region 5",2020-01-25,2,2020-02-08,0.75,"ili perc","quantile",4.23501961675658
"HHS Region 5",2020-01-25,2,2020-02-08,0.8,"ili perc","quantile",4.33230932318667
"HHS Region 5",2020-01-25,2,2020-02-08,0.85,"ili perc","quantile",4.5530201923645
"HHS Region 5",2020-01-25,2,2020-02-08,0.9,"ili perc","quantile",4.83224896495042
"HHS Region 5",2020-01-25,2,2020-02-08,0.95,"ili perc","quantile",5.59201314450618
"HHS Region 5",2020-01-25,2,2020-02-08,0.975,"ili perc","quantile",6.33087839669373
"HHS Region 5",2020-01-25,2,2020-02-08,0.99,"ili perc","quantile",8.31879524919712
"HHS Region 5",2020-01-25,3,2020-02-15,0.01,"ili perc","quantile",2.16639095731052
"HHS Region 5",2020-01-25,3,2020-02-15,0.025,"ili perc","quantile",2.44444410382137
"HHS Region 5",2020-01-25,3,2020-02-15,0.05,"ili perc","quantile",2.58538175414215
"HHS Region 5",2020-01-25,3,2020-02-15,0.1,"ili perc","quantile",2.95081418832999
"HHS Region 5",2020-01-25,3,2020-02-15,0.15,"ili perc","quantile",3.2054079411773
"HHS Region 5",2020-01-25,3,2020-02-15,0.2,"ili perc","quantile",3.3594706627392
"HHS Region 5",2020-01-25,3,2020-02-15,0.25,"ili perc","quantile",3.44861433229383
"HHS Region 5",2020-01-25,3,2020-02-15,0.3,"ili perc","quantile",3.55077856266447
"HHS Region 5",2020-01-25,3,2020-02-15,0.35,"ili perc","quantile",3.65060861656123
"HHS Region 5",2020-01-25,3,2020-02-15,0.4,"ili perc","quantile",3.74248918632481
"HHS Region 5",2020-01-25,3,2020-02-15,0.45,"ili perc","quantile",3.80172857660527
"HHS Region 5",2020-01-25,3,2020-02-15,0.5,"ili perc","quantile",3.8562185129272
"HHS Region 5",2020-01-25,3,2020-02-15,0.55,"ili perc","quantile",3.96036056769866
"HHS Region 5",2020-01-25,3,2020-02-15,0.6,"ili perc","quantile",4.04385955260983
"HHS Region 5",2020-01-25,3,2020-02-15,0.65,"ili perc","quantile",4.098047129801
"HHS Region 5",2020-01-25,3,2020-02-15,0.7,"ili perc","quantile",4.17875315916378
"HHS Region 5",2020-01-25,3,2020-02-15,0.75,"ili perc","quantile",4.28952177469453
"HHS Region 5",2020-01-25,3,2020-02-15,0.8,"ili perc","quantile",4.39788153138272
"HHS Region 5",2020-01-25,3,2020-02-15,0.85,"ili perc","quantile",4.52160197786137
"HHS Region 5",2020-01-25,3,2020-02-15,0.9,"ili perc","quantile",5.13024686896099
"HHS Region 5",2020-01-25,3,2020-02-15,0.95,"ili perc","quantile",5.96608054634608
"HHS Region 5",2020-01-25,3,2020-02-15,0.975,"ili perc","quantile",6.58259660973727
"HHS Region 5",2020-01-25,3,2020-02-15,0.99,"ili perc","quantile",6.94663374611327
"HHS Region 5",2020-01-25,4,2020-02-22,0.01,"ili perc","quantile",1.8834850615048
"HHS Region 5",2020-01-25,4,2020-02-22,0.025,"ili perc","quantile",2.2767142718842
"HHS Region 5",2020-01-25,4,2020-02-22,0.05,"ili perc","quantile",2.53160492055854
"HHS Region 5",2020-01-25,4,2020-02-22,0.1,"ili perc","quantile",2.77942390361827
"HHS Region 5",2020-01-25,4,2020-02-22,0.15,"ili perc","quantile",3.03486635047613
"HHS Region 5",2020-01-25,4,2020-02-22,0.2,"ili perc","quantile",3.25083493635523
"HHS Region 5",2020-01-25,4,2020-02-22,0.25,"ili perc","quantile",3.3300672373059
"HHS Region 5",2020-01-25,4,2020-02-22,0.3,"ili perc","quantile",3.4478859487634
"HHS Region 5",2020-01-25,4,2020-02-22,0.35,"ili perc","quantile",3.58368847025156
"HHS Region 5",2020-01-25,4,2020-02-22,0.4,"ili perc","quantile",3.68542466408005
"HHS Region 5",2020-01-25,4,2020-02-22,0.45,"ili perc","quantile",3.79589837493869
"HHS Region 5",2020-01-25,4,2020-02-22,0.5,"ili perc","quantile",3.85623090605786
"HHS Region 5",2020-01-25,4,2020-02-22,0.55,"ili perc","quantile",3.94662843278696
"HHS Region 5",2020-01-25,4,2020-02-22,0.6,"ili perc","quantile",4.02321590046687
"HHS Region 5",2020-01-25,4,2020-02-22,0.65,"ili perc","quantile",4.12181404806389
"HHS Region 5",2020-01-25,4,2020-02-22,0.7,"ili perc","quantile",4.2656738080845
"HHS Region 5",2020-01-25,4,2020-02-22,0.75,"ili perc","quantile",4.35913865801261
"HHS Region 5",2020-01-25,4,2020-02-22,0.8,"ili perc","quantile",4.47243015834864
"HHS Region 5",2020-01-25,4,2020-02-22,0.85,"ili perc","quantile",4.76164154842262
"HHS Region 5",2020-01-25,4,2020-02-22,0.9,"ili perc","quantile",5.18744972366102
"HHS Region 5",2020-01-25,4,2020-02-22,0.95,"ili perc","quantile",5.86910053826947
"HHS Region 5",2020-01-25,4,2020-02-22,0.975,"ili perc","quantile",6.38056334051714
"HHS Region 5",2020-01-25,4,2020-02-22,0.99,"ili perc","quantile",7.24600300592827
"HHS Region 6",2020-01-25,1,2020-02-01,0.01,"ili perc","quantile",4.39575958658924
"HHS Region 6",2020-01-25,1,2020-02-01,0.025,"ili perc","quantile",4.84951383427661
"HHS Region 6",2020-01-25,1,2020-02-01,0.05,"ili perc","quantile",5.30912149128703
"HHS Region 6",2020-01-25,1,2020-02-01,0.1,"ili perc","quantile",5.72190845855195
"HHS Region 6",2020-01-25,1,2020-02-01,0.15,"ili perc","quantile",6.04842790031731
"HHS Region 6",2020-01-25,1,2020-02-01,0.2,"ili perc","quantile",6.22850693596478
"HHS Region 6",2020-01-25,1,2020-02-01,0.25,"ili perc","quantile",6.42060092693021
"HHS Region 6",2020-01-25,1,2020-02-01,0.3,"ili perc","quantile",6.55133893929818
"HHS Region 6",2020-01-25,1,2020-02-01,0.35,"ili perc","quantile",6.66265279059552
"HHS Region 6",2020-01-25,1,2020-02-01,0.4,"ili perc","quantile",6.82221194663027
"HHS Region 6",2020-01-25,1,2020-02-01,0.45,"ili perc","quantile",7.02254578190404
"HHS Region 6",2020-01-25,1,2020-02-01,0.5,"ili perc","quantile",7.10158839464621
"HHS Region 6",2020-01-25,1,2020-02-01,0.55,"ili perc","quantile",7.20837400931485
"HHS Region 6",2020-01-25,1,2020-02-01,0.6,"ili perc","quantile",7.29604588345065
"HHS Region 6",2020-01-25,1,2020-02-01,0.65,"ili perc","quantile",7.42537248305372
"HHS Region 6",2020-01-25,1,2020-02-01,0.7,"ili perc","quantile",7.5205996749296
"HHS Region 6",2020-01-25,1,2020-02-01,0.75,"ili perc","quantile",7.72811674154654
"HHS Region 6",2020-01-25,1,2020-02-01,0.8,"ili perc","quantile",7.92348292418229
"HHS Region 6",2020-01-25,1,2020-02-01,0.85,"ili perc","quantile",8.15929387819554
"HHS Region 6",2020-01-25,1,2020-02-01,0.9,"ili perc","quantile",8.42786147302311
"HHS Region 6",2020-01-25,1,2020-02-01,0.95,"ili perc","quantile",9.83866919334035
"HHS Region 6",2020-01-25,1,2020-02-01,0.975,"ili perc","quantile",11.0120527537866
"HHS Region 6",2020-01-25,1,2020-02-01,0.99,"ili perc","quantile",11.5986262702717
"HHS Region 6",2020-01-25,2,2020-02-08,0.01,"ili perc","quantile",3.929043824781
"HHS Region 6",2020-01-25,2,2020-02-08,0.025,"ili perc","quantile",4.47468742571541
"HHS Region 6",2020-01-25,2,2020-02-08,0.05,"ili perc","quantile",4.92408457940504
"HHS Region 6",2020-01-25,2,2020-02-08,0.1,"ili perc","quantile",5.43058417078865
"HHS Region 6",2020-01-25,2,2020-02-08,0.15,"ili perc","quantile",5.70329164162034
"HHS Region 6",2020-01-25,2,2020-02-08,0.2,"ili perc","quantile",5.8844582806814
"HHS Region 6",2020-01-25,2,2020-02-08,0.25,"ili perc","quantile",6.18680311672336
"HHS Region 6",2020-01-25,2,2020-02-08,0.3,"ili perc","quantile",6.38431456271797
"HHS Region 6",2020-01-25,2,2020-02-08,0.35,"ili perc","quantile",6.6326904858466
"HHS Region 6",2020-01-25,2,2020-02-08,0.4,"ili perc","quantile",6.77997497236095
"HHS Region 6",2020-01-25,2,2020-02-08,0.45,"ili perc","quantile",6.9198820402077
"HHS Region 6",2020-01-25,2,2020-02-08,0.5,"ili perc","quantile",7.02644488223907
"HHS Region 6",2020-01-25,2,2020-02-08,0.55,"ili perc","quantile",7.1794646118459
"HHS Region 6",2020-01-25,2,2020-02-08,0.6,"ili perc","quantile",7.31639899687106
"HHS Region 6",2020-01-25,2,2020-02-08,0.65,"ili perc","quantile",7.43552291674346
"HHS Region 6",2020-01-25,2,2020-02-08,0.7,"ili perc","quantile",7.58316736902888
"HHS Region 6",2020-01-25,2,2020-02-08,0.75,"ili perc","quantile",7.89203527592918
"HHS Region 6",2020-01-25,2,2020-02-08,0.8,"ili perc","quantile",8.21569276758799
"HHS Region 6",2020-01-25,2,2020-02-08,0.85,"ili perc","quantile",8.69606364583697
"HHS Region 6",2020-01-25,2,2020-02-08,0.9,"ili perc","quantile",9.2260313059782
"HHS Region 6",2020-01-25,2,2020-02-08,0.95,"ili perc","quantile",10.8853784513531
"HHS Region 6",2020-01-25,2,2020-02-08,0.975,"ili perc","quantile",11.5587033075549
"HHS Region 6",2020-01-25,2,2020-02-08,0.99,"ili perc","quantile",13.2034727528426
"HHS Region 6",2020-01-25,3,2020-02-15,0.01,"ili perc","quantile",3.60608678927256
"HHS Region 6",2020-01-25,3,2020-02-15,0.025,"ili perc","quantile",3.9936849581775
"HHS Region 6",2020-01-25,3,2020-02-15,0.05,"ili perc","quantile",4.62721164376337
"HHS Region 6",2020-01-25,3,2020-02-15,0.1,"ili perc","quantile",5.13683396128032
"HHS Region 6",2020-01-25,3,2020-02-15,0.15,"ili perc","quantile",5.46320465346737
"HHS Region 6",2020-01-25,3,2020-02-15,0.2,"ili perc","quantile",5.75799488262197
"HHS Region 6",2020-01-25,3,2020-02-15,0.25,"ili perc","quantile",5.92573901720707
"HHS Region 6",2020-01-25,3,2020-02-15,0.3,"ili perc","quantile",6.20296696746486
"HHS Region 6",2020-01-25,3,2020-02-15,0.35,"ili perc","quantile",6.3324510939374
"HHS Region 6",2020-01-25,3,2020-02-15,0.4,"ili perc","quantile",6.54788375400065
"HHS Region 6",2020-01-25,3,2020-02-15,0.45,"ili perc","quantile",6.6433084848753
"HHS Region 6",2020-01-25,3,2020-02-15,0.5,"ili perc","quantile",6.85690110661789
"HHS Region 6",2020-01-25,3,2020-02-15,0.55,"ili perc","quantile",7.1427484565201
"HHS Region 6",2020-01-25,3,2020-02-15,0.6,"ili perc","quantile",7.35159104415193
"HHS Region 6",2020-01-25,3,2020-02-15,0.65,"ili perc","quantile",7.57319816111548
"HHS Region 6",2020-01-25,3,2020-02-15,0.7,"ili perc","quantile",7.83947528028024
"HHS Region 6",2020-01-25,3,2020-02-15,0.75,"ili perc","quantile",8.16789784764442
"HHS Region 6",2020-01-25,3,2020-02-15,0.8,"ili perc","quantile",8.46560934994875
"HHS Region 6",2020-01-25,3,2020-02-15,0.85,"ili perc","quantile",8.92226234961455
"HHS Region 6",2020-01-25,3,2020-02-15,0.9,"ili perc","quantile",9.74516807567099
"HHS Region 6",2020-01-25,3,2020-02-15,0.95,"ili perc","quantile",10.7888114347481
"HHS Region 6",2020-01-25,3,2020-02-15,0.975,"ili perc","quantile",11.6106487894248
"HHS Region 6",2020-01-25,3,2020-02-15,0.99,"ili perc","quantile",12.7007091466991
"HHS Region 6",2020-01-25,4,2020-02-22,0.01,"ili perc","quantile",3.19941255158173
"HHS Region 6",2020-01-25,4,2020-02-22,0.025,"ili perc","quantile",3.70595019731116
"HHS Region 6",2020-01-25,4,2020-02-22,0.05,"ili perc","quantile",4.19137709798027
"HHS Region 6",2020-01-25,4,2020-02-22,0.1,"ili perc","quantile",4.861371230552
"HHS Region 6",2020-01-25,4,2020-02-22,0.15,"ili perc","quantile",5.24053646014735
"HHS Region 6",2020-01-25,4,2020-02-22,0.2,"ili perc","quantile",5.51173766161127
"HHS Region 6",2020-01-25,4,2020-02-22,0.25,"ili perc","quantile",5.76451216425725
"HHS Region 6",2020-01-25,4,2020-02-22,0.3,"ili perc","quantile",6.00703475302675
"HHS Region 6",2020-01-25,4,2020-02-22,0.35,"ili perc","quantile",6.13772073247065
"HHS Region 6",2020-01-25,4,2020-02-22,0.4,"ili perc","quantile",6.3529507459564
"HHS Region 6",2020-01-25,4,2020-02-22,0.45,"ili perc","quantile",6.50334964561918
"HHS Region 6",2020-01-25,4,2020-02-22,0.5,"ili perc","quantile",6.63412283276794
"HHS Region 6",2020-01-25,4,2020-02-22,0.55,"ili perc","quantile",6.74509897055652
"HHS Region 6",2020-01-25,4,2020-02-22,0.6,"ili perc","quantile",6.99761129755684
"HHS Region 6",2020-01-25,4,2020-02-22,0.65,"ili perc","quantile",7.21228429161111
"HHS Region 6",2020-01-25,4,2020-02-22,0.7,"ili perc","quantile",7.68551111454711
"HHS Region 6",2020-01-25,4,2020-02-22,0.75,"ili perc","quantile",8.1484873846534
"HHS Region 6",2020-01-25,4,2020-02-22,0.8,"ili perc","quantile",8.39195281929585
"HHS Region 6",2020-01-25,4,2020-02-22,0.85,"ili perc","quantile",8.97764222520788
"HHS Region 6",2020-01-25,4,2020-02-22,0.9,"ili perc","quantile",9.33091541508767
"HHS Region 6",2020-01-25,4,2020-02-22,0.95,"ili perc","quantile",11.4742148677035
"HHS Region 6",2020-01-25,4,2020-02-22,0.975,"ili perc","quantile",12.5292642100346
"HHS Region 6",2020-01-25,4,2020-02-22,0.99,"ili perc","quantile",14.134141456183
"HHS Region 7",2020-01-25,1,2020-02-01,0.01,"ili perc","quantile",2.3401009352093
"HHS Region 7",2020-01-25,1,2020-02-01,0.025,"ili perc","quantile",3.01680998520651
"HHS Region 7",2020-01-25,1,2020-02-01,0.05,"ili perc","quantile",3.38571213738902
"HHS Region 7",2020-01-25,1,2020-02-01,0.1,"ili perc","quantile",3.85762840952465
"HHS Region 7",2020-01-25,1,2020-02-01,0.15,"ili perc","quantile",3.98274661488161
"HHS Region 7",2020-01-25,1,2020-02-01,0.2,"ili perc","quantile",4.10600612909751
"HHS Region 7",2020-01-25,1,2020-02-01,0.25,"ili perc","quantile",4.2242982755032
"HHS Region 7",2020-01-25,1,2020-02-01,0.3,"ili perc","quantile",4.29972701780401
"HHS Region 7",2020-01-25,1,2020-02-01,0.35,"ili perc","quantile",4.3782078730037
"HHS Region 7",2020-01-25,1,2020-02-01,0.4,"ili perc","quantile",4.50114574143423
"HHS Region 7",2020-01-25,1,2020-02-01,0.45,"ili perc","quantile",4.59946920781643
"HHS Region 7",2020-01-25,1,2020-02-01,0.5,"ili perc","quantile",4.66281270244182
"HHS Region 7",2020-01-25,1,2020-02-01,0.55,"ili perc","quantile",4.80445522893808
"HHS Region 7",2020-01-25,1,2020-02-01,0.6,"ili perc","quantile",4.88369106166221
"HHS Region 7",2020-01-25,1,2020-02-01,0.65,"ili perc","quantile",4.97341819033897
"HHS Region 7",2020-01-25,1,2020-02-01,0.7,"ili perc","quantile",5.0656107860376
"HHS Region 7",2020-01-25,1,2020-02-01,0.75,"ili perc","quantile",5.2309582058454
"HHS Region 7",2020-01-25,1,2020-02-01,0.8,"ili perc","quantile",5.44138168974277
"HHS Region 7",2020-01-25,1,2020-02-01,0.85,"ili perc","quantile",5.62596519334566
"HHS Region 7",2020-01-25,1,2020-02-01,0.9,"ili perc","quantile",5.94338881105394
"HHS Region 7",2020-01-25,1,2020-02-01,0.95,"ili perc","quantile",6.4376359214372
"HHS Region 7",2020-01-25,1,2020-02-01,0.975,"ili perc","quantile",6.97142288475548
"HHS Region 7",2020-01-25,1,2020-02-01,0.99,"ili perc","quantile",9.90022050452332
"HHS Region 7",2020-01-25,2,2020-02-08,0.01,"ili perc","quantile",2.05576597429379
"HHS Region 7",2020-01-25,2,2020-02-08,0.025,"ili perc","quantile",2.64406203383895
"HHS Region 7",2020-01-25,2,2020-02-08,0.05,"ili perc","quantile",3.11433721233167
"HHS Region 7",2020-01-25,2,2020-02-08,0.1,"ili perc","quantile",3.48043030936683
"HHS Region 7",2020-01-25,2,2020-02-08,0.15,"ili perc","quantile",3.74378128765044
"HHS Region 7",2020-01-25,2,2020-02-08,0.2,"ili perc","quantile",3.92273659564775
"HHS Region 7",2020-01-25,2,2020-02-08,0.25,"ili perc","quantile",4.06055757329779
"HHS Region 7",2020-01-25,2,2020-02-08,0.3,"ili perc","quantile",4.17612435616644
"HHS Region 7",2020-01-25,2,2020-02-08,0.35,"ili perc","quantile",4.22670544579789
"HHS Region 7",2020-01-25,2,2020-02-08,0.4,"ili perc","quantile",4.35953502619114
"HHS Region 7",2020-01-25,2,2020-02-08,0.45,"ili perc","quantile",4.4458412974198
"HHS Region 7",2020-01-25,2,2020-02-08,0.5,"ili perc","quantile",4.5693180952889
"HHS Region 7",2020-01-25,2,2020-02-08,0.55,"ili perc","quantile",4.69300591091391
"HHS Region 7",2020-01-25,2,2020-02-08,0.6,"ili perc","quantile",4.7965736706826
"HHS Region 7",2020-01-25,2,2020-02-08,0.65,"ili perc","quantile",4.91829292241275
"HHS Region 7",2020-01-25,2,2020-02-08,0.7,"ili perc","quantile",5.05082961741992
"HHS Region 7",2020-01-25,2,2020-02-08,0.75,"ili perc","quantile",5.21847833168257
"HHS Region 7",2020-01-25,2,2020-02-08,0.8,"ili perc","quantile",5.3539856984623
"HHS Region 7",2020-01-25,2,2020-02-08,0.85,"ili perc","quantile",5.61966037795422
"HHS Region 7",2020-01-25,2,2020-02-08,0.9,"ili perc","quantile",6.00261467114646
"HHS Region 7",2020-01-25,2,2020-02-08,0.95,"ili perc","quantile",7.14057187115764
"HHS Region 7",2020-01-25,2,2020-02-08,0.975,"ili perc","quantile",8.11407867285187
"HHS Region 7",2020-01-25,2,2020-02-08,0.99,"ili perc","quantile",9.85345958646584
"HHS Region 7",2020-01-25,3,2020-02-15,0.01,"ili perc","quantile",1.29184711809539
"HHS Region 7",2020-01-25,3,2020-02-15,0.025,"ili perc","quantile",2.13989494370979
"HHS Region 7",2020-01-25,3,2020-02-15,0.05,"ili perc","quantile",2.66348267917871
"HHS Region 7",2020-01-25,3,2020-02-15,0.1,"ili perc","quantile",3.18400277089058
"HHS Region 7",2020-01-25,3,2020-02-15,0.15,"ili perc","quantile",3.44114893340213
"HHS Region 7",2020-01-25,3,2020-02-15,0.2,"ili perc","quantile",3.67464857539783
"HHS Region 7",2020-01-25,3,2020-02-15,0.25,"ili perc","quantile",3.8478090502495
"HHS Region 7",2020-01-25,3,2020-02-15,0.3,"ili perc","quantile",3.98313442334202
"HHS Region 7",2020-01-25,3,2020-02-15,0.35,"ili perc","quantile",4.17082196847352
"HHS Region 7",2020-01-25,3,2020-02-15,0.4,"ili perc","quantile",4.29079253707973
"HHS Region 7",2020-01-25,3,2020-02-15,0.45,"ili perc","quantile",4.38997004981746
"HHS Region 7",2020-01-25,3,2020-02-15,0.5,"ili perc","quantile",4.55010670607141
"HHS Region 7",2020-01-25,3,2020-02-15,0.55,"ili perc","quantile",4.68844225716365
"HHS Region 7",2020-01-25,3,2020-02-15,0.6,"ili perc","quantile",4.80437490819895
"HHS Region 7",2020-01-25,3,2020-02-15,0.65,"ili perc","quantile",4.97794820723187
"HHS Region 7",2020-01-25,3,2020-02-15,0.7,"ili perc","quantile",5.17133908958207
"HHS Region 7",2020-01-25,3,2020-02-15,0.75,"ili perc","quantile",5.39426978640122
"HHS Region 7",2020-01-25,3,2020-02-15,0.8,"ili perc","quantile",5.73444026209347
"HHS Region 7",2020-01-25,3,2020-02-15,0.85,"ili perc","quantile",6.12627919702984
"HHS Region 7",2020-01-25,3,2020-02-15,0.9,"ili perc","quantile",6.73004802252254
"HHS Region 7",2020-01-25,3,2020-02-15,0.95,"ili perc","quantile",7.9873379713707
"HHS Region 7",2020-01-25,3,2020-02-15,0.975,"ili perc","quantile",9.03560580547836
"HHS Region 7",2020-01-25,3,2020-02-15,0.99,"ili perc","quantile",10.7783931632246
"HHS Region 7",2020-01-25,4,2020-02-22,0.01,"ili perc","quantile",1.25377977787255
"HHS Region 7",2020-01-25,4,2020-02-22,0.025,"ili perc","quantile",2.18294670652393
"HHS Region 7",2020-01-25,4,2020-02-22,0.05,"ili perc","quantile",2.61769733697883
"HHS Region 7",2020-01-25,4,2020-02-22,0.1,"ili perc","quantile",3.02519645571443
"HHS Region 7",2020-01-25,4,2020-02-22,0.15,"ili perc","quantile",3.25629170075177
"HHS Region 7",2020-01-25,4,2020-02-22,0.2,"ili perc","quantile",3.44643607690672
"HHS Region 7",2020-01-25,4,2020-02-22,0.25,"ili perc","quantile",3.63563451070405
"HHS Region 7",2020-01-25,4,2020-02-22,0.3,"ili perc","quantile",3.79423789486813
"HHS Region 7",2020-01-25,4,2020-02-22,0.35,"ili perc","quantile",3.97246839057084
"HHS Region 7",2020-01-25,4,2020-02-22,0.4,"ili perc","quantile",4.18658452656872
"HHS Region 7",2020-01-25,4,2020-02-22,0.45,"ili perc","quantile",4.45925349863084
"HHS Region 7",2020-01-25,4,2020-02-22,0.5,"ili perc","quantile",4.60400794818452
"HHS Region 7",2020-01-25,4,2020-02-22,0.55,"ili perc","quantile",4.7825050892123
"HHS Region 7",2020-01-25,4,2020-02-22,0.6,"ili perc","quantile",4.91201519660389
"HHS Region 7",2020-01-25,4,2020-02-22,0.65,"ili perc","quantile",5.16024232428339
"HHS Region 7",2020-01-25,4,2020-02-22,0.7,"ili perc","quantile",5.34866917728399
"HHS Region 7",2020-01-25,4,2020-02-22,0.75,"ili perc","quantile",5.56396357320316
"HHS Region 7",2020-01-25,4,2020-02-22,0.8,"ili perc","quantile",5.77212186439274
"HHS Region 7",2020-01-25,4,2020-02-22,0.85,"ili perc","quantile",6.14927763712369
"HHS Region 7",2020-01-25,4,2020-02-22,0.9,"ili perc","quantile",6.51321300614022
"HHS Region 7",2020-01-25,4,2020-02-22,0.95,"ili perc","quantile",7.36084462135628
"HHS Region 7",2020-01-25,4,2020-02-22,0.975,"ili perc","quantile",8.66590939433698
"HHS Region 7",2020-01-25,4,2020-02-22,0.99,"ili perc","quantile",13.5695942604679
"HHS Region 8",2020-01-25,1,2020-02-01,0.01,"ili perc","quantile",3.23104577975871
"HHS Region 8",2020-01-25,1,2020-02-01,0.025,"ili perc","quantile",3.6066862429198
"HHS Region 8",2020-01-25,1,2020-02-01,0.05,"ili perc","quantile",3.98773272430768
"HHS Region 8",2020-01-25,1,2020-02-01,0.1,"ili perc","quantile",4.36738070875321
"HHS Region 8",2020-01-25,1,2020-02-01,0.15,"ili perc","quantile",4.5035151688181
"HHS Region 8",2020-01-25,1,2020-02-01,0.2,"ili perc","quantile",4.65130341399576
"HHS Region 8",2020-01-25,1,2020-02-01,0.25,"ili perc","quantile",4.73324544418637
"HHS Region 8",2020-01-25,1,2020-02-01,0.3,"ili perc","quantile",4.8100679623738
"HHS Region 8",2020-01-25,1,2020-02-01,0.35,"ili perc","quantile",4.86484594482247
"HHS Region 8",2020-01-25,1,2020-02-01,0.4,"ili perc","quantile",4.93391116744145
"HHS Region 8",2020-01-25,1,2020-02-01,0.45,"ili perc","quantile",4.98699073883544
"HHS Region 8",2020-01-25,1,2020-02-01,0.5,"ili perc","quantile",5.04133169068167
"HHS Region 8",2020-01-25,1,2020-02-01,0.55,"ili perc","quantile",5.09381250191965
"HHS Region 8",2020-01-25,1,2020-02-01,0.6,"ili perc","quantile",5.16420977214555
"HHS Region 8",2020-01-25,1,2020-02-01,0.65,"ili perc","quantile",5.22624603025439
"HHS Region 8",2020-01-25,1,2020-02-01,0.7,"ili perc","quantile",5.32392945911682
"HHS Region 8",2020-01-25,1,2020-02-01,0.75,"ili perc","quantile",5.44712537772766
"HHS Region 8",2020-01-25,1,2020-02-01,0.8,"ili perc","quantile",5.55834974400803
"HHS Region 8",2020-01-25,1,2020-02-01,0.85,"ili perc","quantile",5.74373537129322
"HHS Region 8",2020-01-25,1,2020-02-01,0.9,"ili perc","quantile",6.04640502280711
"HHS Region 8",2020-01-25,1,2020-02-01,0.95,"ili perc","quantile",6.67052909572552
"HHS Region 8",2020-01-25,1,2020-02-01,0.975,"ili perc","quantile",7.31591374128058
"HHS Region 8",2020-01-25,1,2020-02-01,0.99,"ili perc","quantile",7.56145765006857
"HHS Region 8",2020-01-25,2,2020-02-08,0.01,"ili perc","quantile",2.78438752127346
"HHS Region 8",2020-01-25,2,2020-02-08,0.025,"ili perc","quantile",2.97182515538149
"HHS Region 8",2020-01-25,2,2020-02-08,0.05,"ili perc","quantile",3.48680822108949
"HHS Region 8",2020-01-25,2,2020-02-08,0.1,"ili perc","quantile",3.86236062024664
"HHS Region 8",2020-01-25,2,2020-02-08,0.15,"ili perc","quantile",4.11789150415989
"HHS Region 8",2020-01-25,2,2020-02-08,0.2,"ili perc","quantile",4.27949588405782
"HHS Region 8",2020-01-25,2,2020-02-08,0.25,"ili perc","quantile",4.43445596119656
"HHS Region 8",2020-01-25,2,2020-02-08,0.3,"ili perc","quantile",4.55891982770754
"HHS Region 8",2020-01-25,2,2020-02-08,0.35,"ili perc","quantile",4.70991971107277
"HHS Region 8",2020-01-25,2,2020-02-08,0.4,"ili perc","quantile",4.83599957620362
"HHS Region 8",2020-01-25,2,2020-02-08,0.45,"ili perc","quantile",4.94779993993715
"HHS Region 8",2020-01-25,2,2020-02-08,0.5,"ili perc","quantile",5.01709329478421
"HHS Region 8",2020-01-25,2,2020-02-08,0.55,"ili perc","quantile",5.14642700953172
"HHS Region 8",2020-01-25,2,2020-02-08,0.6,"ili perc","quantile",5.23400416397965
"HHS Region 8",2020-01-25,2,2020-02-08,0.65,"ili perc","quantile",5.39255757198666
"HHS Region 8",2020-01-25,2,2020-02-08,0.7,"ili perc","quantile",5.52815983098921
"HHS Region 8",2020-01-25,2,2020-02-08,0.75,"ili perc","quantile",5.67230053288031
"HHS Region 8",2020-01-25,2,2020-02-08,0.8,"ili perc","quantile",5.80520548026432
"HHS Region 8",2020-01-25,2,2020-02-08,0.85,"ili perc","quantile",6.07287405956299
"HHS Region 8",2020-01-25,2,2020-02-08,0.9,"ili perc","quantile",6.45052308655785
"HHS Region 8",2020-01-25,2,2020-02-08,0.95,"ili perc","quantile",7.12630601805456
"HHS Region 8",2020-01-25,2,2020-02-08,0.975,"ili perc","quantile",7.67314508533785
"HHS Region 8",2020-01-25,2,2020-02-08,0.99,"ili perc","quantile",8.24039144634923
"HHS Region 8",2020-01-25,3,2020-02-15,0.01,"ili perc","quantile",2.8998091484828
"HHS Region 8",2020-01-25,3,2020-02-15,0.025,"ili perc","quantile",3.12576440480999
"HHS Region 8",2020-01-25,3,2020-02-15,0.05,"ili perc","quantile",3.51452416780501
"HHS Region 8",2020-01-25,3,2020-02-15,0.1,"ili perc","quantile",3.8222019067042
"HHS Region 8",2020-01-25,3,2020-02-15,0.15,"ili perc","quantile",3.95795668025489
"HHS Region 8",2020-01-25,3,2020-02-15,0.2,"ili perc","quantile",4.13510160893208
"HHS Region 8",2020-01-25,3,2020-02-15,0.25,"ili perc","quantile",4.37315163588885
"HHS Region 8",2020-01-25,3,2020-02-15,0.3,"ili perc","quantile",4.49040826982153
"HHS Region 8",2020-01-25,3,2020-02-15,0.35,"ili perc","quantile",4.64605789576253
"HHS Region 8",2020-01-25,3,2020-02-15,0.4,"ili perc","quantile",4.7487345824073
"HHS Region 8",2020-01-25,3,2020-02-15,0.45,"ili perc","quantile",4.85896084710723
"HHS Region 8",2020-01-25,3,2020-02-15,0.5,"ili perc","quantile",4.93433380304536
"HHS Region 8",2020-01-25,3,2020-02-15,0.55,"ili perc","quantile",5.06228838100616
"HHS Region 8",2020-01-25,3,2020-02-15,0.6,"ili perc","quantile",5.2137807370672
"HHS Region 8",2020-01-25,3,2020-02-15,0.65,"ili perc","quantile",5.33058954033431
"HHS Region 8",2020-01-25,3,2020-02-15,0.7,"ili perc","quantile",5.48669790865255
"HHS Region 8",2020-01-25,3,2020-02-15,0.75,"ili perc","quantile",5.65451003368224
"HHS Region 8",2020-01-25,3,2020-02-15,0.8,"ili perc","quantile",5.80510910573212
"HHS Region 8",2020-01-25,3,2020-02-15,0.85,"ili perc","quantile",6.04331038716165
"HHS Region 8",2020-01-25,3,2020-02-15,0.9,"ili perc","quantile",6.80279204229516
"HHS Region 8",2020-01-25,3,2020-02-15,0.95,"ili perc","quantile",7.4484866049556
"HHS Region 8",2020-01-25,3,2020-02-15,0.975,"ili perc","quantile",8.04435815601848
"HHS Region 8",2020-01-25,3,2020-02-15,0.99,"ili perc","quantile",8.63630940727141
"HHS Region 8",2020-01-25,4,2020-02-22,0.01,"ili perc","quantile",2.35313976930884
"HHS Region 8",2020-01-25,4,2020-02-22,0.025,"ili perc","quantile",2.79260522603074
"HHS Region 8",2020-01-25,4,2020-02-22,0.05,"ili perc","quantile",3.30361862921125
"HHS Region 8",2020-01-25,4,2020-02-22,0.1,"ili perc","quantile",3.62905492637687
"HHS Region 8",2020-01-25,4,2020-02-22,0.15,"ili perc","quantile",3.89104980263997
"HHS Region 8",2020-01-25,4,2020-02-22,0.2,"ili perc","quantile",4.1636693196474
"HHS Region 8",2020-01-25,4,2020-02-22,0.25,"ili perc","quantile",4.28920809430122
"HHS Region 8",2020-01-25,4,2020-02-22,0.3,"ili perc","quantile",4.56325379302956
"HHS Region 8",2020-01-25,4,2020-02-22,0.35,"ili perc","quantile",4.67185792846047
"HHS Region 8",2020-01-25,4,2020-02-22,0.4,"ili perc","quantile",4.74052216018101
"HHS Region 8",2020-01-25,4,2020-02-22,0.45,"ili perc","quantile",4.83089782261158
"HHS Region 8",2020-01-25,4,2020-02-22,0.5,"ili perc","quantile",4.932624318558
"HHS Region 8",2020-01-25,4,2020-02-22,0.55,"ili perc","quantile",5.05319229523763
"HHS Region 8",2020-01-25,4,2020-02-22,0.6,"ili perc","quantile",5.19524797526699
"HHS Region 8",2020-01-25,4,2020-02-22,0.65,"ili perc","quantile",5.40403150576638
"HHS Region 8",2020-01-25,4,2020-02-22,0.7,"ili perc","quantile",5.60472125367419
"HHS Region 8",2020-01-25,4,2020-02-22,0.75,"ili perc","quantile",5.73014571357884
"HHS Region 8",2020-01-25,4,2020-02-22,0.8,"ili perc","quantile",6.00512999981122
"HHS Region 8",2020-01-25,4,2020-02-22,0.85,"ili perc","quantile",6.2778811284355
"HHS Region 8",2020-01-25,4,2020-02-22,0.9,"ili perc","quantile",6.71121918548608
"HHS Region 8",2020-01-25,4,2020-02-22,0.95,"ili perc","quantile",7.61444109730671
"HHS Region 8",2020-01-25,4,2020-02-22,0.975,"ili perc","quantile",8.65809524666961
"HHS Region 8",2020-01-25,4,2020-02-22,0.99,"ili perc","quantile",9.82481441391338
"HHS Region 9",2020-01-25,1,2020-02-01,0.01,"ili perc","quantile",2.64486151769945
"HHS Region 9",2020-01-25,1,2020-02-01,0.025,"ili perc","quantile",2.77477324098168
"HHS Region 9",2020-01-25,1,2020-02-01,0.05,"ili perc","quantile",3.27119201479481
"HHS Region 9",2020-01-25,1,2020-02-01,0.1,"ili perc","quantile",3.96082762144808
"HHS Region 9",2020-01-25,1,2020-02-01,0.15,"ili perc","quantile",4.1933240256815
"HHS Region 9",2020-01-25,1,2020-02-01,0.2,"ili perc","quantile",4.36868951540975
"HHS Region 9",2020-01-25,1,2020-02-01,0.25,"ili perc","quantile",4.44855191402052
"HHS Region 9",2020-01-25,1,2020-02-01,0.3,"ili perc","quantile",4.52106937353372
"HHS Region 9",2020-01-25,1,2020-02-01,0.35,"ili perc","quantile",4.56040422400908
"HHS Region 9",2020-01-25,1,2020-02-01,0.4,"ili perc","quantile",4.62322749663794
"HHS Region 9",2020-01-25,1,2020-02-01,0.45,"ili perc","quantile",4.66990668045004
"HHS Region 9",2020-01-25,1,2020-02-01,0.5,"ili perc","quantile",4.72614137504451
"HHS Region 9",2020-01-25,1,2020-02-01,0.55,"ili perc","quantile",4.83596325755722
"HHS Region 9",2020-01-25,1,2020-02-01,0.6,"ili perc","quantile",4.90716637437074
"HHS Region 9",2020-01-25,1,2020-02-01,0.65,"ili perc","quantile",4.97088768439161
"HHS Region 9",2020-01-25,1,2020-02-01,0.7,"ili perc","quantile",5.06237606076948
"HHS Region 9",2020-01-25,1,2020-02-01,0.75,"ili perc","quantile",5.14776158205838
"HHS Region 9",2020-01-25,1,2020-02-01,0.8,"ili perc","quantile",5.23052012413001
"HHS Region 9",2020-01-25,1,2020-02-01,0.85,"ili perc","quantile",5.37834164725238
"HHS Region 9",2020-01-25,1,2020-02-01,0.9,"ili perc","quantile",5.70991755567309
"HHS Region 9",2020-01-25,1,2020-02-01,0.95,"ili perc","quantile",6.16027116892208
"HHS Region 9",2020-01-25,1,2020-02-01,0.975,"ili perc","quantile",7.23106164889222
"HHS Region 9",2020-01-25,1,2020-02-01,0.99,"ili perc","quantile",8.59736253365952
"HHS Region 9",2020-01-25,2,2020-02-08,0.01,"ili perc","quantile",2.70430378761483
"HHS Region 9",2020-01-25,2,2020-02-08,0.025,"ili perc","quantile",2.83046577476214
"HHS Region 9",2020-01-25,2,2020-02-08,0.05,"ili perc","quantile",3.13548462310962
"HHS Region 9",2020-01-25,2,2020-02-08,0.1,"ili perc","quantile",3.63264078276722
"HHS Region 9",2020-01-25,2,2020-02-08,0.15,"ili perc","quantile",3.9109472547382
"HHS Region 9",2020-01-25,2,2020-02-08,0.2,"ili perc","quantile",4.09241799286485
"HHS Region 9",2020-01-25,2,2020-02-08,0.25,"ili perc","quantile",4.19884903549123
"HHS Region 9",2020-01-25,2,2020-02-08,0.3,"ili perc","quantile",4.32503510458148
"HHS Region 9",2020-01-25,2,2020-02-08,0.35,"ili perc","quantile",4.42608875148801
"HHS Region 9",2020-01-25,2,2020-02-08,0.4,"ili perc","quantile",4.49175091074361
"HHS Region 9",2020-01-25,2,2020-02-08,0.45,"ili perc","quantile",4.57354783341631
"HHS Region 9",2020-01-25,2,2020-02-08,0.5,"ili perc","quantile",4.65691061264264
"HHS Region 9",2020-01-25,2,2020-02-08,0.55,"ili perc","quantile",4.76114662139642
"HHS Region 9",2020-01-25,2,2020-02-08,0.6,"ili perc","quantile",4.85390265160686
"HHS Region 9",2020-01-25,2,2020-02-08,0.65,"ili perc","quantile",4.96064653684511
"HHS Region 9",2020-01-25,2,2020-02-08,0.7,"ili perc","quantile",5.02937930764083
"HHS Region 9",2020-01-25,2,2020-02-08,0.75,"ili perc","quantile",5.18815242593942
"HHS Region 9",2020-01-25,2,2020-02-08,0.8,"ili perc","quantile",5.31438159309965
"HHS Region 9",2020-01-25,2,2020-02-08,0.85,"ili perc","quantile",5.54640187745257
"HHS Region 9",2020-01-25,2,2020-02-08,0.9,"ili perc","quantile",5.89077962143611
"HHS Region 9",2020-01-25,2,2020-02-08,0.95,"ili perc","quantile",6.58281720328431
"HHS Region 9",2020-01-25,2,2020-02-08,0.975,"ili perc","quantile",7.15902965544531
"HHS Region 9",2020-01-25,2,2020-02-08,0.99,"ili perc","quantile",7.40742722875922
"HHS Region 9",2020-01-25,3,2020-02-15,0.01,"ili perc","quantile",2.58898373565594
"HHS Region 9",2020-01-25,3,2020-02-15,0.025,"ili perc","quantile",2.76708732786773
"HHS Region 9",2020-01-25,3,2020-02-15,0.05,"ili perc","quantile",3.06784609732251
"HHS Region 9",2020-01-25,3,2020-02-15,0.1,"ili perc","quantile",3.45694744697932
"HHS Region 9",2020-01-25,3,2020-02-15,0.15,"ili perc","quantile",3.75210486461827
"HHS Region 9",2020-01-25,3,2020-02-15,0.2,"ili perc","quantile",3.97598245005807
"HHS Region 9",2020-01-25,3,2020-02-15,0.25,"ili perc","quantile",4.11853463910587
"HHS Region 9",2020-01-25,3,2020-02-15,0.3,"ili perc","quantile",4.23388409828071
"HHS Region 9",2020-01-25,3,2020-02-15,0.35,"ili perc","quantile",4.35933888657978
"HHS Region 9",2020-01-25,3,2020-02-15,0.4,"ili perc","quantile",4.45541057923868
"HHS Region 9",2020-01-25,3,2020-02-15,0.45,"ili perc","quantile",4.57973348734116
"HHS Region 9",2020-01-25,3,2020-02-15,0.5,"ili perc","quantile",4.67115552426592
"HHS Region 9",2020-01-25,3,2020-02-15,0.55,"ili perc","quantile",4.76945059434403
"HHS Region 9",2020-01-25,3,2020-02-15,0.6,"ili perc","quantile",4.87632219519954
"HHS Region 9",2020-01-25,3,2020-02-15,0.65,"ili perc","quantile",4.9758811026567
"HHS Region 9",2020-01-25,3,2020-02-15,0.7,"ili perc","quantile",5.08761183790266
"HHS Region 9",2020-01-25,3,2020-02-15,0.75,"ili perc","quantile",5.31975894912106
"HHS Region 9",2020-01-25,3,2020-02-15,0.8,"ili perc","quantile",5.5136095569574
"HHS Region 9",2020-01-25,3,2020-02-15,0.85,"ili perc","quantile",5.72517512642342
"HHS Region 9",2020-01-25,3,2020-02-15,0.9,"ili perc","quantile",6.01896796760776
"HHS Region 9",2020-01-25,3,2020-02-15,0.95,"ili perc","quantile",7.08320131572203
"HHS Region 9",2020-01-25,3,2020-02-15,0.975,"ili perc","quantile",7.98428617373146
"HHS Region 9",2020-01-25,3,2020-02-15,0.99,"ili perc","quantile",8.36460611779953
"HHS Region 9",2020-01-25,4,2020-02-22,0.01,"ili perc","quantile",2.28124095726127
"HHS Region 9",2020-01-25,4,2020-02-22,0.025,"ili perc","quantile",2.51348955744373
"HHS Region 9",2020-01-25,4,2020-02-22,0.05,"ili perc","quantile",2.7571945338587
"HHS Region 9",2020-01-25,4,2020-02-22,0.1,"ili perc","quantile",3.22388986193123
"HHS Region 9",2020-01-25,4,2020-02-22,0.15,"ili perc","quantile",3.53309663673762
"HHS Region 9",2020-01-25,4,2020-02-22,0.2,"ili perc","quantile",3.83838318627048
"HHS Region 9",2020-01-25,4,2020-02-22,0.25,"ili perc","quantile",3.99143475834952
"HHS Region 9",2020-01-25,4,2020-02-22,0.3,"ili perc","quantile",4.11284665175035
"HHS Region 9",2020-01-25,4,2020-02-22,0.35,"ili perc","quantile",4.22465456221562
"HHS Region 9",2020-01-25,4,2020-02-22,0.4,"ili perc","quantile",4.32293596420529
"HHS Region 9",2020-01-25,4,2020-02-22,0.45,"ili perc","quantile",4.43335133667236
"HHS Region 9",2020-01-25,4,2020-02-22,0.5,"ili perc","quantile",4.56199635038183
"HHS Region 9",2020-01-25,4,2020-02-22,0.55,"ili perc","quantile",4.68167949123309
"HHS Region 9",2020-01-25,4,2020-02-22,0.6,"ili perc","quantile",4.76495426720837
"HHS Region 9",2020-01-25,4,2020-02-22,0.65,"ili perc","quantile",4.87516166687056
"HHS Region 9",2020-01-25,4,2020-02-22,0.7,"ili perc","quantile",5.05110390584593
"HHS Region 9",2020-01-25,4,2020-02-22,0.75,"ili perc","quantile",5.23849775770058
"HHS Region 9",2020-01-25,4,2020-02-22,0.8,"ili perc","quantile",5.38455894688685
"HHS Region 9",2020-01-25,4,2020-02-22,0.85,"ili perc","quantile",5.67224825115864
"HHS Region 9",2020-01-25,4,2020-02-22,0.9,"ili perc","quantile",6.03497974123284
"HHS Region 9",2020-01-25,4,2020-02-22,0.95,"ili perc","quantile",6.95335070638403
"HHS Region 9",2020-01-25,4,2020-02-22,0.975,"ili perc","quantile",7.90687266618718
"HHS Region 9",2020-01-25,4,2020-02-22,0.99,"ili perc","quantile",8.66524262207558
"US National",2020-01-25,1,2020-02-01,0.01,"ili perc","quantile",3.62978851726883
"US National",2020-01-25,1,2020-02-01,0.025,"ili perc","quantile",4.07491791480545
"US National",2020-01-25,1,2020-02-01,0.05,"ili perc","quantile",4.26901194010876
"US National",2020-01-25,1,2020-02-01,0.1,"ili perc","quantile",4.4399160410353
"US National",2020-01-25,1,2020-02-01,0.15,"ili perc","quantile",4.54048195086324
"US National",2020-01-25,1,2020-02-01,0.2,"ili perc","quantile",4.64400522597383
"US National",2020-01-25,1,2020-02-01,0.25,"ili perc","quantile",4.69976260789834
"US National",2020-01-25,1,2020-02-01,0.3,"ili perc","quantile",4.78502532203276
"US National",2020-01-25,1,2020-02-01,0.35,"ili perc","quantile",4.84758725023406
"US National",2020-01-25,1,2020-02-01,0.4,"ili perc","quantile",4.89387575303421
"US National",2020-01-25,1,2020-02-01,0.45,"ili perc","quantile",4.92982161522258
"US National",2020-01-25,1,2020-02-01,0.5,"ili perc","quantile",4.97683615547857
"US National",2020-01-25,1,2020-02-01,0.55,"ili perc","quantile",5.03403228190291
"US National",2020-01-25,1,2020-02-01,0.6,"ili perc","quantile",5.0803678578224
"US National",2020-01-25,1,2020-02-01,0.65,"ili perc","quantile",5.12115691377841
"US National",2020-01-25,1,2020-02-01,0.7,"ili perc","quantile",5.22537335638136
"US National",2020-01-25,1,2020-02-01,0.75,"ili perc","quantile",5.31914903683073
"US National",2020-01-25,1,2020-02-01,0.8,"ili perc","quantile",5.39587975528662
"US National",2020-01-25,1,2020-02-01,0.85,"ili perc","quantile",5.50637561438121
"US National",2020-01-25,1,2020-02-01,0.9,"ili perc","quantile",5.7033754958026
"US National",2020-01-25,1,2020-02-01,0.95,"ili perc","quantile",6.15303353627733
"US National",2020-01-25,1,2020-02-01,0.975,"ili perc","quantile",6.63992038379778
"US National",2020-01-25,1,2020-02-01,0.99,"ili perc","quantile",6.78084542173938
"US National",2020-01-25,2,2020-02-08,0.01,"ili perc","quantile",3.47122637317679
"US National",2020-01-25,2,2020-02-08,0.025,"ili perc","quantile",3.77223130147188
"US National",2020-01-25,2,2020-02-08,0.05,"ili perc","quantile",4.15565839411044
"US National",2020-01-25,2,2020-02-08,0.1,"ili perc","quantile",4.26476065966766
"US National",2020-01-25,2,2020-02-08,0.15,"ili perc","quantile",4.43366006293537
"US National",2020-01-25,2,2020-02-08,0.2,"ili perc","quantile",4.54566428909654
"US National",2020-01-25,2,2020-02-08,0.25,"ili perc","quantile",4.69207908741126
"US National",2020-01-25,2,2020-02-08,0.3,"ili perc","quantile",4.76094073959688
"US National",2020-01-25,2,2020-02-08,0.35,"ili perc","quantile",4.84541635545662
"US National",2020-01-25,2,2020-02-08,0.4,"ili perc","quantile",4.90591455180731
"US National",2020-01-25,2,2020-02-08,0.45,"ili perc","quantile",4.95138759257574
"US National",2020-01-25,2,2020-02-08,0.5,"ili perc","quantile",5.03603284139233
"US National",2020-01-25,2,2020-02-08,0.55,"ili perc","quantile",5.07579366953307
"US National",2020-01-25,2,2020-02-08,0.6,"ili perc","quantile",5.14579304495594
"US National",2020-01-25,2,2020-02-08,0.65,"ili perc","quantile",5.2108923693824
"US National",2020-01-25,2,2020-02-08,0.7,"ili perc","quantile",5.29553538437147
"US National",2020-01-25,2,2020-02-08,0.75,"ili perc","quantile",5.3675034731363
"US National",2020-01-25,2,2020-02-08,0.8,"ili perc","quantile",5.55881980884995
"US National",2020-01-25,2,2020-02-08,0.85,"ili perc","quantile",5.73309204235656
"US National",2020-01-25,2,2020-02-08,0.9,"ili perc","quantile",6.04581286052173
"US National",2020-01-25,2,2020-02-08,0.95,"ili perc","quantile",6.64375485168089
"US National",2020-01-25,2,2020-02-08,0.975,"ili perc","quantile",7.3387000706642
"US National",2020-01-25,2,2020-02-08,0.99,"ili perc","quantile",8.73881658002344
"US National",2020-01-25,3,2020-02-15,0.01,"ili perc","quantile",3.03010097140933
"US National",2020-01-25,3,2020-02-15,0.025,"ili perc","quantile",3.28137768132149
"US National",2020-01-25,3,2020-02-15,0.05,"ili perc","quantile",3.63624984440839
"US National",2020-01-25,3,2020-02-15,0.1,"ili perc","quantile",4.02925931753418
"US National",2020-01-25,3,2020-02-15,0.15,"ili perc","quantile",4.27924838300607
"US National",2020-01-25,3,2020-02-15,0.2,"ili perc","quantile",4.3997556152128
"US National",2020-01-25,3,2020-02-15,0.25,"ili perc","quantile",4.56661139468191
"US National",2020-01-25,3,2020-02-15,0.3,"ili perc","quantile",4.6997746354745
"US National",2020-01-25,3,2020-02-15,0.35,"ili perc","quantile",4.78823968757186
"US National",2020-01-25,3,2020-02-15,0.4,"ili perc","quantile",4.87200081885838
"US National",2020-01-25,3,2020-02-15,0.45,"ili perc","quantile",4.96155736598277
"US National",2020-01-25,3,2020-02-15,0.5,"ili perc","quantile",5.03482980087265
"US National",2020-01-25,3,2020-02-15,0.55,"ili perc","quantile",5.11212240769403
"US National",2020-01-25,3,2020-02-15,0.6,"ili perc","quantile",5.20535140004266
"US National",2020-01-25,3,2020-02-15,0.65,"ili perc","quantile",5.27079305658798
"US National",2020-01-25,3,2020-02-15,0.7,"ili perc","quantile",5.38410548679265
"US National",2020-01-25,3,2020-02-15,0.75,"ili perc","quantile",5.50949616235993
"US National",2020-01-25,3,2020-02-15,0.8,"ili perc","quantile",5.61774865846404
"US National",2020-01-25,3,2020-02-15,0.85,"ili perc","quantile",5.88989787356097
"US National",2020-01-25,3,2020-02-15,0.9,"ili perc","quantile",6.22337892615231
"US National",2020-01-25,3,2020-02-15,0.95,"ili perc","quantile",6.97688139795647
"US National",2020-01-25,3,2020-02-15,0.975,"ili perc","quantile",7.49611879355273
"US National",2020-01-25,3,2020-02-15,0.99,"ili perc","quantile",8.18212536250307
"US National",2020-01-25,4,2020-02-22,0.01,"ili perc","quantile",2.62712036506438
"US National",2020-01-25,4,2020-02-22,0.025,"ili perc","quantile",3.06909413894767
"US National",2020-01-25,4,2020-02-22,0.05,"ili perc","quantile",3.3664637391646
"US National",2020-01-25,4,2020-02-22,0.1,"ili perc","quantile",3.74601347448372
"US National",2020-01-25,4,2020-02-22,0.15,"ili perc","quantile",4.15372956541809
"US National",2020-01-25,4,2020-02-22,0.2,"ili perc","quantile",4.29319616753528
"US National",2020-01-25,4,2020-02-22,0.25,"ili perc","quantile",4.42908179130831
"US National",2020-01-25,4,2020-02-22,0.3,"ili perc","quantile",4.57688473461894
"US National",2020-01-25,4,2020-02-22,0.35,"ili perc","quantile",4.69749156364203
"US National",2020-01-25,4,2020-02-22,0.4,"ili perc","quantile",4.8394593378221
"US National",2020-01-25,4,2020-02-22,0.45,"ili perc","quantile",4.92659345357372
"US National",2020-01-25,4,2020-02-22,0.5,"ili perc","quantile",5.01065577182422
"US National",2020-01-25,4,2020-02-22,0.55,"ili perc","quantile",5.10566719637875
"US National",2020-01-25,4,2020-02-22,0.6,"ili perc","quantile",5.18588635857076
"US National",2020-01-25,4,2020-02-22,0.65,"ili perc","quantile",5.31241986323291
"US National",2020-01-25,4,2020-02-22,0.7,"ili perc","quantile",5.4366436583524
"US National",2020-01-25,4,2020-02-22,0.75,"ili perc","quantile",5.5263761234484
"US National",2020-01-25,4,2020-02-22,0.8,"ili perc","quantile",5.69042169938265
"US National",2020-01-25,4,2020-02-22,0.85,"ili perc","quantile",6.05404876113033
"US National",2020-01-25,4,2020-02-22,0.9,"ili perc","quantile",6.49944343116197
"US National",2020-01-25,4,2020-02-22,0.95,"ili perc","quantile",7.16600103868023
"US National",2020-01-25,4,2020-02-22,0.975,"ili perc","quantile",8.18798369736025
"US National",2020-01-25,4,2020-02-22,0.99,"ili perc","quantile",9.08135317978943
